url,label
http://bit.ly/o3m4rfu,1
https://app.dell.com/search?q=science,0
https://uber.com/news/expert-review,0
https://microsoft.com/user/42923,0
https://shop.who.int/products/90155,0
https://shop.apple.com,0
http://chase-secure.top/login,1
http://binance.com@pkbc3o-secure.xyz/login,1
http://linkedin-secure.date/signin,1
https://www.cnn.com/about-us,0
http://fedex-signin-fjcn47d.gq/login,1
http://wellsfargo-banking.click/account,1
http://apple-suspend-p1b.gq/login,1
http://office365-lr4e-2j1wm-vwbq2c6-3wn8.cf/login.php?id=9ch1jfgmgw,1
http://steamcommunity-xd5s9-hr92n-t8lna4d-m7odm6.review/banking.php?id=lnd4yyy1ox,1
http://tinyurl.com/cr95n28,1
http://facebook-password-oy4xc.ga/signin,1
http://is.gd/51tk2zt,1
https://salesforce.com/search?q=sports,0
https://www.quora.com/user/76470,0
https://shop.mit.edu/account,0
https://expedia.com/,0
https://mail.yelp.com/products/24487,0
https://mail.zoom.us/,0
http://adobe-banking.stream/signin,1
http://mail.oracle.com/products/411,0
https://uber.com/news/product-launch,0
https://shop.chase.com/search?q=climate,0
http://coinbase-suspend.win/account,1
http://office365.com.secure-o40a.tk/,1
http://amazon.com@r8n3a5-secure.top/login,1
https://www.samsung.com/account,0
http://linkedin.com.signin-xoa8.date/,1
http://app.amazon.com/account,0
https://app.zoom.us/watch?v=8ma30w78zwg,0
https://www.wikipedia.org/products,0
http://chase-banking-uykz.tk/signin,1
https://shop.webmd.com,0
https://app.salesforce.com/article/guide-2026,0
http://bit.ly/i8pj6nk,1
https://www.stackoverflow.com/checkout,0
http://goo.gl/md777dx,1
https://expedia.com/news/top-10-tips,0
http://binance-skfgqo-qnp1k8-rmdh2.men/update.php?id=z3lk41gpc8,1
http://usps-login-7zc.date/account,1
https://support.samsung.com/account/settings,0
https://ebay.com/cart,0
https://mail.yelp.com/products,0
https://news.facebook.com/watch?v=hez74lav714,0
https://healthline.com/login,0
http://bankofamerica.com.wallet-ljir.ga/,1
https://www.hp.com/watch?v=e3lvo0ipfg8,0
https://mail.irs.gov/cart,0
http://chase.com.secure-m7aa.icu/,1
http://161.65.237.158/confirm/snqmqi,1
http://fedex.com.account-y0lj.review/,1
https://reddit.com/news/guide-2026,0
https://app.shopify.com/article/guide-2026,0
http://apple.com.banking-mahn.icu/,1
http://wellsfargo-onn443b-w44xzp.loan/billing.php?id=tu3rzidvri,1
http://chase.com@7ayheb-secure.ga/login,1
http://support.indeed.com/contact,0
http://wellsfargo-wdgbhd-07cm-imwzkf-oz8bulo.loan/verify.php?id=41aft2c4zw,1
https://mail.intel.com/news/expert-review,0
https://www.nytimes.com/watch?v=q3gcg1j6oww,0
https://www.wordpress.com/,0
https://wix.com/article/breaking-news-update,0
https://twitter.com/news/year-in-review,0
http://37.90.12.83/webscr/hcnf4k,1
http://bankofamerica.com.confirm-0gly.ml/,1
http://amazon-unlock.work/signin,1
https://wix.com,0
http://218.11.15.72/unlock/2080x1,1
http://binance-suspend-7bak8vf.xyz/update,1
https://app.quora.com/cart,0
http://google-ozlr9-zvqf0.click/verify.php?id=5vzlllwk6z,1
http://irs-banking.loan/account,1
http://binance-password-hekdze9z.icu/update,1
https://forbes.com/news/top-10-tips,0
https://app.target.com/article/how-to-get-started,0
http://adobe-5zhc-n5tppnu.gq/update.php?id=qqxsjag787,1
http://amazon.com@pud6w0-secure.work/login,1
https://support.sony.com/blog/expert-review,0
https://www.adidas.com/search?q=technology,0
http://linkedin.com@lxtioh-secure.ml/login,1
http://tinyurl.com/sxthnm5,1
http://binance.com@fxcbbc-secure.stream/login,1
https://medium.com/watch?v=2ddkoxn4kda,0
https://shop.medium.com/contact,0
http://111.48.146.98/verify/mzgv2f,1
https://support.samsung.com/login,0
http://www.nasa.gov/products,0
http://microsoft-w3z3yf-9bfh2-ntiuw-cz8w9u.icu/billing.php?id=7i3qftq973,1
https://sony.com/user/58391,0
https://www.pinterest.com/category/climate,0
http://news.wordpress.com/about-us,0
http://fedex.com@hjaqk0-secure.work/login,1
https://www.usa.gov/,0
http://fedex-l7a0y-c772-zskz.ml/password.php?id=3l2rlixlmc,1
http://tinyurl.com/ppwwldt,1
http://office365.com@h3nrhl-secure.loan/login,1
http://mail.godaddy.com/account,0
http://dropbox.com.login-7rdj.men/,1
http://cutt.ly/2zrtgzy,1
https://shop.nytimes.com/blog/expert-review,0
https://www.sony.com/,0
https://citibank.com/cart,0
http://t.co/5zuthuw,1
https://support.cnn.com/user/46697,0
https://app.pinterest.com/cart,0
https://mail.github.com/user/95080,0
http://221.57.205.73/account/afi78d,1
http://184.54.56.252/wallet/sx11c9,1
https://wikipedia.org/user/97895,0
https://www.namecheap.com/news/top-10-tips,0
http://41.18.168.127/verify/933e2q,1
http://amazon-8qdag4y-29l6h.ml/unlock.php?id=7lzmckjxr7,1
https://shopify.com/blog/how-to-get-started,0
http://instagram-confirm.cf/account,1
https://harvard.edu/article/guide-2026,0
https://www.coursera.org/about,0
http://microsoft-signin-kfjqh.ga/account,1
http://binance.com.update-j3eb.top/,1
http://steamcommunity-recover-47vdqp.review/signin,1
http://shop.pinterest.com/cart,0
https://shop.mit.edu/support,0
https://adobe.com/help,0
https://www.dell.com/article/product-launch,0
https://intel.com/blog/top-10-tips,0
http://dropbox.com@kxalux-secure.date/login,1
http://152.92.184.250/suspend/gpiler,1
http://236.197.216.54/suspend/42el0i,1
https://www.who.int/blog/product-launch,0
http://ow.ly/ykatz4l,1
http://tinyurl.com/lcspu3q,1
http://67.94.235.107/alert/2bg8pc,1
http://is.gd/24g1iq3,1
https://news.spotify.com/help,0
http://irs.com.banking-rsd3.date/,1
https://irs.gov/login,0
https://support.medium.com/article/how-to-get-started,0
https://support.target.com/watch?v=c1qkbhb7s9t,0
http://netflix-suspend.gq/update,1
http://ow.ly/6zli8wr,1
http://cutt.ly/q2sl0lq,1
https://news.microsoft.com/products/55437,0
http://apple-od9l-64rj2c-eftp2t.date/verify.php?id=1atjmov3wo,1
https://reuters.com/help,0
http://chase-7qk2wj-98bwwp-iiax.gq/webscr.php?id=5cohi6hnk2,1
http://dropbox.com@hflur8-secure.win/login,1
https://app.udemy.com/account,0
https://www.theguardian.com/products,0
https://www.khanacademy.org/news/top-10-tips,0
http://ow.ly/zryd1pv,1
http://steamcommunity.com.secure-mhm7.tk/,1
https://news.cdc.gov/account/settings,0
http://youtube.com/search?q=fashion,0
http://cutt.ly/zmtvc9z,1
http://chase-billing.date/signin,1
http://114.22.146.117/banking/gzdkmq,1
https://www.bankofamerica.com/user/99616,0
http://goo.gl/vkxsnpc,1
https://news.paypal.com/search?q=travel,0
https://theguardian.com/about,0
http://binance.com@q0oklg-secure.win/login,1
http://facebook-billing-yd6fo.ml/account,1
http://67.41.128.211/alert/0ei0io,1
http://microsoft-sujckuh-dnwt-8g0eso-z1og.loan/suspend.php?id=0t5fxpmdzc,1
http://instagram.com@cp8dkl-secure.loan/login,1
http://facebook-tb8tv-ucb5-6kle-1wraa77.xyz/confirm.php?id=0hnfn7c5eq,1
https://shop.adobe.com/,0
https://news.airbnb.com/blog/year-in-review,0
http://microsoft-9y5ed-jx4b0a-sk2ml-6zvns.gq/webscr.php?id=65w64yqjgv,1
https://uber.com/checkout,0
https://news.samsung.com/contact,0
http://is.gd/2dtoohu,1
http://irs-password.loan/update,1
https://www.apple.com/search?q=food,0
https://lyft.com/help,0
http://186.60.51.254/banking/c3h5x4,1
http://binance.com@vn5l6e-secure.win/login,1
http://paypal.com@t6mdvb-secure.work/login,1
https://www.godaddy.com/products/67901,0
http://178.69.177.57/confirm/kh7o4e,1
https://reuters.com/login,0
https://shop.twitter.com/login,0
https://mail.khanacademy.org/news/year-in-review,0
https://news.ibm.com/news/expert-review,0
http://steamcommunity-of83ec-3nqnj.men/secure.php?id=ggspajlrcn,1
http://facebook-webscr.xyz/signin,1
https://mail.microsoft.com/,0
https://news.youtube.com,0
http://tinyurl.com/9oj4x9o,1
https://app.wordpress.com/news/how-to-get-started,0
http://outlook.com.billing-t6tc.click/,1
http://goo.gl/ayawvtp,1
http://irs.com.account-8nmy.stream/,1
https://app.yahoo.com/account,0
https://www.pinterest.com/news/guide-2026,0
http://paypal.com@r4z99j-secure.men/login,1
https://bestbuy.com/article/guide-2026,0
http://netflix.com@kqoguf-secure.tk/login,1
https://yahoo.com,0
https://lyft.com/about,0
https://facebook.com/news/product-launch,0
https://shop.stanford.edu/blog/top-10-tips,0
https://yelp.com/login,0
https://mail.zoom.us/login,0
http://ow.ly/m3hkyz1,1
https://www.github.com/products,0
https://shop.nike.com/account,0
http://outlook-urq5-niai4t-hvdiyrm.icu/recover.php?id=ki8rvjfnh1,1
http://dropbox-login.click/account,1
http://irs.com.banking-lw3y.review/,1
http://dropbox-password.gq/account,1
https://app.google.com/about-us,0
https://shop.forbes.com/checkout,0
https://app.cnn.com/login,0
http://microsoft.com.confirm-4h9u.click/,1
https://shop.spotify.com/checkout,0
http://mail.glassdoor.com/login,0
https://news.yahoo.com/products,0
http://facebook.com.password-uj70.gq/,1
http://amazon-alert.tk/update,1
http://dhl.com@za84qa-secure.gq/login,1
https://youtube.com/news/how-to-get-started,0
https://shop.paypal.com/user/91458,0
http://82.52.233.122/account/mbl4ot,1
https://hp.com/category/health,0
https://shop.coursera.org/account,0
http://bankofamerica.com.unlock-991k.tk/,1
http://linkedin.com.signin-9ysa.xyz/,1
http://office365.com@ldy8j1-secure.ga/login,1
http://is.gd/htu34ya,1
https://news.webmd.com/login,0
https://www.facebook.com/checkout,0
http://dropbox.com.alert-6j5m.icu/,1
http://ow.ly/kx010yx,1
https://news.irs.gov/support,0
http://paypal-alert-46otn4.win/account,1
http://212.71.151.17/account/tcdjf2,1
https://www.nasa.gov/login,0
http://irs.com.unlock-v0hq.loan/,1
http://218.74.131.84/confirm/s7w073,1
http://fedex.com@wqigbu-secure.ml/login,1
https://coursera.org/search?q=finance,0
http://98.140.70.46/account/ze6vl1,1
http://bankofamerica-update.xyz/update,1
https://app.wsj.com/cart,0
https://shop.lyft.com/login,0
http://steamcommunity-secure.top/account,1
http://tinyurl.com/1e6jdvz,1
https://www.sony.com/about-us,0
http://steamcommunity.com@4lyyex-secure.click/login,1
https://google.com/watch?v=2yr6nbqd8qk,0
https://news.booking.com/help,0
http://139.146.46.211/signin/uagb0x,1
https://mail.expedia.com/support,0
http://linkedin-9t27-1vb1h-tof1qrf-mwock.date/banking.php?id=9e076wyk3x,1
http://tinyurl.com/1vzyp8c,1
https://quora.com/help,0
https://mail.wellsfargo.com/search?q=music,0
http://fedex.com@bnxmsm-secure.date/login,1
https://www.bloomberg.com/about-us,0
http://usps-account-ghsbme.stream/update,1
https://spotify.com/user/67461,0
http://45.49.131.203/account/9vqyga,1
http://202.21.82.193/billing/avee1o,1
https://www.dell.com/search?q=health,0
http://linkedin-billing.top/signin,1
https://www.duolingo.com/support,0
https://www.booking.com/help,0
http://amazon.com/about,0
https://nasa.gov/user/88384,0
https://shop.slack.com/support,0
http://netflix.com.billing-e9vu.date/,1
https://www.twitter.com/user/48726,0
http://wellsfargo.com.banking-xflz.men/,1
http://apple.com@6vkxnm-secure.ml/login,1
http://chase.com@839jy1-secure.icu/login,1
https://ibm.com/watch?v=omts1egpgvt,0
https://www.duolingo.com/article/product-launch,0
https://support.paypal.com/watch?v=4asmzx4nkio,0
http://adobe.com.suspend-uo63.top/,1
http://t.co/d547c1g,1
https://shop.quora.com/article/year-in-review,0
https://www.indeed.com/news/guide-2026,0
https://glassdoor.com/cart,0
http://facebook.com.unlock-yovt.win/,1
http://linkedin-wallet-hbp7po9.review/signin,1
http://irs-account.tk/account,1
https://mail.intel.com/account,0
http://apple-zr012x3-xvdn3q-gfie5-qmfw.review/signin.php?id=g6w3cjhtxx,1
https://shop.sony.com/news/product-launch,0
http://coinbase-unlock.tk/account,1
https://www.wsj.com/search?q=technology,0
http://bit.ly/m06hce0,1
https://www.khanacademy.org/user/47044,0
https://shop.squarespace.com/products,0
http://instagram.com.recover-i090.loan/,1
https://www.webmd.com/watch?v=joppriludqd,0
http://242.20.228.81/banking/jz9kve,1
http://amazon.com.alert-nzju.win/,1
http://linkedin-wallet-zw56071n.click/signin,1
https://mail.theguardian.com/watch?v=weew0oz2wcv,0
https://shop.wellsfargo.com/user/14497,0
https://news.who.int/watch?v=x1sstcfhd82,0
https://news.nike.com/account/settings,0
https://app.hp.com/cart,0
http://178.239.65.19/signin/239q45,1
http://www.theguardian.com/account,0
https://news.squarespace.com/news/breaking-news-update,0
http://support.cnn.com/products,0
https://ibm.com/about-us,0
http://linkedin-signin-ao5drmm6.ga/login,1
https://www.medium.com/account,0
https://google.com/support,0
http://netflix.com@m27375-secure.top/login,1
http://fedex-unlock.date/update,1
http://microsoft.com@xoel8x-secure.win/login,1
http://facebook.com@htsb6z-secure.gq/login,1
https://support.chase.com/category/climate,0
http://54.74.6.247/unlock/fkp4vw,1
https://www.github.com/login,0
https://mail.bloomberg.com/login,0
http://wellsfargo.com@8l2iq1-secure.cf/login,1
http://outlook.com.login-9lje.date/,1
http://121.222.138.47/password/336wde,1
http://4.49.81.117/signin/ng1755,1
http://netflix.com.unlock-7w3m.tk/,1
https://netflix.com/news/how-to-get-started,0
https://support.godaddy.com/login,0
http://amazon.com.banking-qryy.work/,1
http://cutt.ly/fdgrr9v,1
http://cutt.ly/oslmx13,1
https://amazon.com/,0
http://chase.com.signin-t0hd.cf/,1
https://news.webmd.com/about,0
http://94.236.92.168/login/ccv23j,1
https://www.slack.com/checkout,0
https://news.samsung.com/,0
http://dhl.com.signin-e233.icu/,1
https://shop.apple.com/cart,0
https://app.bankofamerica.com/news/how-to-get-started,0
http://rebrand.ly/bx3uw0y,1
http://app.webmd.com/about,0
http://167.98.120.189/wallet/su4a3n,1
https://app.oracle.com/login,0
https://support.bankofamerica.com/checkout,0
https://dropbox.com/account/settings,0
https://app.irs.gov/help,0
https://healthline.com/contact,0
http://t.co/50yqviw,1
https://www.namecheap.com/search?q=fashion,0
https://duolingo.com/account,0
http://linkedin-dznz-3blo8-0wl0g-66fn.date/confirm.php?id=n20vrt4fqg,1
http://bankofamerica.com.suspend-nomp.tk/,1
https://www.ibm.com/products,0
https://harvard.edu/user/81685,0
https://coursera.org,0
http://goo.gl/7t746kg,1
https://www.twitch.tv/,0
http://outlook.com@ish6if-secure.xyz/login,1
https://webmd.com/products,0
http://52.177.221.88/suspend/0cn7wf,1
https://support.usa.gov/checkout,0
http://linkedin-recover.date/update,1
https://shop.mayoclinic.org/watch?v=tqzfb8x6jmr,0
http://157.244.109.215/verify/c5blap,1
http://wellsfargo.com.suspend-2g9t.click/,1
https://support.nasa.gov/article/breaking-news-update,0
http://ow.ly/snpfc5a,1
http://dropbox.com@9qblzz-secure.men/login,1
https://support.wellsfargo.com/about-us,0
https://uber.com/article/breaking-news-update,0
https://www.forbes.com/about,0
http://usps.com.banking-qdjy.stream/,1
https://mail.reuters.com/login,0
http://172.98.20.190/webscr/w0brnb,1
https://mail.linkedin.com/account,0
http://t.co/4z2facp,1
http://usps-f3bt-u9w1sz.work/banking.php?id=mng9i76go3,1
http://chase.com@jpqpq2-secure.men/login,1
http://apple-wallet.tk/account,1
http://binance.com@ayqn92-secure.stream/login,1
https://shop.linkedin.com/cart,0
http://mail.spotify.com/login,0
https://mail.etsy.com/category/food,0
https://mail.instagram.com/user/51886,0
http://coinbase.com.signin-ckwl.icu/,1
https://shop.nasa.gov/help,0
https://salesforce.com/user/74797,0
https://www.udemy.com/login,0
http://amazon.com@u5mtxs-secure.date/login,1
https://news.wellsfargo.com/account,0
http://netflix.com.billing-adfy.click/,1
https://app.booking.com,0
https://app.bbc.com/news/guide-2026,0
http://dhl.com.account-fzny.icu/,1
http://instagram-webscr.xyz/login,1
https://support.coursera.org/article/product-launch,0
https://shop.microsoft.com/blog/how-to-get-started,0
https://app.zoom.us/account/settings,0
https://coursera.org/account/settings,0
http://76.82.119.74/billing/7qoswm,1
https://shop.duolingo.com/about,0
https://medium.com/cart,0
http://amazon-ty9fyg-s0p4o-csdsh76-xq1l8.click/confirm.php?id=cjx3jerz59,1
http://207.250.118.154/verify/jqcirv,1
http://paypal-signin-ipj.work/signin,1
https://news.instagram.com/article/breaking-news-update,0
http://85.116.30.244/unlock/8nu7tr,1
https://nasa.gov/news/expert-review,0
https://www.expedia.com/account,0
http://linkedin-5yw5-8zictbu-5ifd-excrh6.loan/webscr.php?id=byd1rk1aw7,1
https://citibank.com/category/travel,0
http://rebrand.ly/8t4h8ir,1
http://37.58.34.91/suspend/x5hhvy,1
https://shop.lyft.com/user/16986,0
https://chase.com/article/breaking-news-update,0
http://fedex-jcpfka-oyxn4ja.stream/login.php?id=ds7k25pnv0,1
https://shop.apple.com/,0
http://shop.bloomberg.com/cart,0
http://irs.com.secure-x159.ga/,1
https://oracle.com/cart,0
http://instagram-webscr.click/update,1
http://bit.ly/j6953ld,1
https://www.harvard.edu/about,0
https://support.dell.com/news/expert-review,0
https://shop.stackoverflow.com/blog/how-to-get-started,0
https://namecheap.com/contact,0
https://stackoverflow.com/products/8247,0
https://app.chase.com/support,0
http://paypal-suspend.cf/update,1
http://paypal-password-37b8.gq/account,1
https://mail.wellsfargo.com/blog/top-10-tips,0
http://252.231.25.228/billing/pxwe7r,1
https://airbnb.com/user/27620,0
http://172.143.190.85/password/e4ep7c,1
https://app.expedia.com/about-us,0
http://coinbase.com@18yw1d-secure.ml/login,1
https://shop.duolingo.com/contact,0
http://coinbase-login.ml/login,1
https://app.spotify.com/products/98967,0
http://steamcommunity.com.unlock-zbe4.icu/,1
http://microsoft.com.wallet-40gy.men/,1
https://shop.who.int/,0
http://netflix.com@5a0km6-secure.click/login,1
https://app.who.int/account,0
https://www.espn.com/search?q=fashion,0
https://www.adidas.com/contact,0
https://news.etsy.com/login,0
https://shop.wikipedia.org/contact,0
https://citibank.com/user/84690,0
https://support.reddit.com/about,0
http://linkedin-op23bqg-o9j1-vzpyku5-btkacdn.date/billing.php?id=15btayrl7s,1
http://adobe-password-58m7k4px.tk/signin,1
http://irs-login-mk9cu10.win/login,1
http://235.188.44.244/recover/9xsbmw,1
http://tinyurl.com/vzfgvch,1
http://115.98.245.240/confirm/xhguod,1
https://app.yahoo.com/watch?v=0s41kssviwx,0
http://54.71.16.47/unlock/y4v8cq,1
https://mayoclinic.org/support,0
http://dropbox.com.login-u4l8.win/,1
https://ibm.com/cart,0
http://coinbase.com.update-swe9.review/,1
http://usps.com@9dqqxi-secure.tk/login,1
https://nytimes.com/account/settings,0
http://t.co/x8xlvkw,1
http://bankofamerica-uiw0juf-m8hev12-tf7ud-50ais.ml/unlock.php?id=mnoeddoqso,1
https://news.microsoft.com/account,0
https://github.com/,0
https://www.khanacademy.org/help,0
http://shop.slack.com/news/how-to-get-started,0
http://coinbase.com.secure-rrji.gq/,1
https://bestbuy.com/category/fashion,0
http://usps.com.banking-pvrz.click/,1
https://www.bestbuy.com/article/expert-review,0
http://wellsfargo.com@npnyn4-secure.work/login,1
http://fedex-wallet.ga/login,1
http://58.27.203.221/update/etqm4q,1
http://chase.com@mz85dk-secure.men/login,1
https://news.linkedin.com/contact,0
https://news.ebay.com/help,0
https://www.khanacademy.org/contact,0
http://www.netflix.com/account,0
http://tinyurl.com/91playy,1
https://shop.godaddy.com/products/17064,0
http://usps.com@ll5ube-secure.stream/login,1
https://support.adidas.com/support,0
http://irs.com.verify-gdto.stream/,1
http://coinbase-fyuhqn-b9lmy-wd1q46f.top/wallet.php?id=2zda9qlhxf,1
http://fedex-hkhb-khe2o.loan/password.php?id=x02bn0i97e,1
http://is.gd/c9rpqix,1
https://news.bestbuy.com/user/22345,0
http://229.166.204.151/secure/dx4rtq,1
http://fedex.com.webscr-pgeo.tk/,1
https://shop.healthline.com/checkout,0
http://office365-78fp-843p-87ok.work/update.php?id=16brixywz6,1
https://oracle.com/products/44225,0
http://80.102.168.129/wallet/2i1497,1
https://mail.google.com/products,0
http://coinbase.com.secure-tvo5.review/,1
https://app.shopify.com/watch?v=d8ur6tiaron,0
https://twitch.tv/cart,0
https://bloomberg.com/about,0
http://187.20.229.18/suspend/hawfrc,1
https://cisco.com/blog/breaking-news-update,0
http://usps-70mj8-a84iydn-cf7c8.top/password.php?id=lhx1jy9dgm,1
http://adobe-kbe0qab-ur8wo.stream/banking.php?id=8puscb6rux,1
http://google.com.account-21ot.review/,1
https://support.chase.com/account,0
https://dropbox.com/news/year-in-review,0
http://chase.com@40tmgq-secure.cf/login,1
http://92.200.38.72/update/xcfyhx,1
https://support.cnn.com/login,0
http://199.51.212.161/verify/5wc01i,1
http://apple.com.webscr-s9qs.stream/,1
http://150.233.29.184/update/43xqkp,1
http://t.co/h3g79hu,1
https://news.spotify.com/products/26713,0
http://support.usa.gov/article/year-in-review,0
http://adobe-b6byv-7ri0-x5y3k-s2d6les.top/signin.php?id=l7jmrevk3s,1
http://microsoft.com@4pjdf8-secure.loan/login,1
https://duolingo.com/products,0
http://t.co/skj3j7b,1
https://news.forbes.com/products/51112,0
http://wellsfargo.com.confirm-damt.win/,1
http://fedex-7v9o-o0en9uu-y4ix0h.win/password.php?id=9kdppeq1zj,1
https://app.squarespace.com/cart,0
http://office365-webscr.ga/update,1
http://96.137.68.156/account/etn3gu,1
http://microsoft-webscr-cgr4.stream/update,1
http://paypal-update.top/update,1
http://adobe.com@yswznq-secure.tk/login,1
http://netflix-aozjs-nt8nup7.review/suspend.php?id=mydp2nf1p6,1
https://app.instagram.com/account/settings,0
https://mail.salesforce.com/watch?v=8xny2x15xjx,0
http://140.3.212.185/suspend/hpkbvw,1
https://www.shopify.com/login,0
https://usa.gov,0
http://facebook-account-1919is.xyz/login,1
https://espn.com/blog/expert-review,0
https://samsung.com/help,0
https://mail.chase.com/login,0
http://37.35.141.184/billing/xleayc,1
https://www.squarespace.com/category/fashion,0
http://159.27.52.238/unlock/xr49v7,1
https://bestbuy.com/account/settings,0
https://news.stanford.edu/account/settings,0
http://tinyurl.com/pgposj5,1
https://booking.com/blog/product-launch,0
https://app.yahoo.com/cart,0
https://ebay.com/checkout,0
http://outlook-webscr.work/login,1
http://cutt.ly/hiboy7r,1
https://news.spotify.com/account/settings,0
http://is.gd/fagn3ci,1
https://www.slack.com/search?q=climate,0
http://netflix-40ob-p1vt-rsbyi4-gubeool.ga/unlock.php?id=kksl9aemgl,1
https://news.adobe.com/login,0
https://support.dell.com/account/settings,0
https://app.dropbox.com/account/settings,0
http://news.reddit.com/cart,0
http://paypal-recover.gq/login,1
http://186.240.99.71/password/mixnam,1
http://dropbox-6x7vj1-pktnow.win/password.php?id=o4efsaa6az,1
http://coinbase.com@iqw37t-secure.gq/login,1
http://153.17.203.237/unlock/1m4vwr,1
https://mail.github.com/products/1729,0
http://support.dell.com/user/67174,0
http://google.com.update-ikp7.date/,1
http://google.com.password-j4a0.xyz/,1
https://shop.microsoft.com/blog/year-in-review,0
http://apple.com@r36e2q-secure.xyz/login,1
http://microsoft-account-15egv1.ml/account,1
http://bankofamerica.com@7gfpqe-secure.click/login,1
http://office365-login.xyz/account,1
http://bankofamerica-r5xjgj-hpk4l2-bacxf6r.gq/webscr.php?id=wttvzuxrus,1
https://shop.espn.com/account,0
http://paypal.com.recover-x231.tk/,1
https://wix.com/watch?v=ei13hesh3pf,0
http://bankofamerica-ewzwda-1qlqn-4u1fnr.date/signin.php?id=9ryik1n8rg,1
http://fedex.com.verify-28jx.click/,1
http://amazon.com@nld6ar-secure.top/login,1
http://dropbox-7jetel-apg2az7-ah3pe.review/wallet.php?id=trkj8pm75y,1
http://rebrand.ly/l61a87x,1
https://www.lyft.com/products/88269,0
http://chase.com.secure-45y9.xyz/,1
https://ibm.com/checkout,0
http://61.53.196.82/alert/gt5nza,1
http://chase.com@53w56i-secure.ml/login,1
http://instagram.com.account-zafz.work/,1
https://support.reuters.com/blog/top-10-tips,0
https://shop.salesforce.com,0
http://dhl.com@gnw8z4-secure.date/login,1
http://amazon.com@kxn90t-secure.tk/login,1
http://rebrand.ly/esgiexr,1
https://www.udemy.com/products/75073,0
http://110.190.43.33/update/y5k1ob,1
https://www.wordpress.com/checkout,0
https://support.paypal.com/contact,0
http://instagram.com.account-x5gr.icu/,1
http://linkedin-mjuu-zztl24-kolfpbm.review/confirm.php?id=4sl42u1hqu,1
http://microsoft.com.verify-v9rb.top/,1
http://steamcommunity.com.password-p1fx.cf/,1
http://dhl-wallet.date/update,1
https://wsj.com/news/year-in-review,0
https://www.nytimes.com/cart,0
https://www.booking.com/about-us,0
http://dropbox.com@bf97cy-secure.review/login,1
https://news.instagram.com/blog/top-10-tips,0
http://news.samsung.com/about-us,0
http://www.zoom.us/support,0
https://shop.linkedin.com,0
https://news.ebay.com/checkout,0
http://paypal.com.wallet-in4s.stream/,1
http://134.129.240.187/wallet/c98wzg,1
http://outlook-ypmw-5kbts5-2f7ua-taxu.review/alert.php?id=azpc2r4ked,1
http://wellsfargo.com.signin-bn8w.icu/,1
http://is.gd/71e4fmt,1
http://rebrand.ly/iemyxad,1
https://coursera.org/search?q=python,0
https://slack.com/about,0
https://twitch.tv/checkout,0
http://netflix-verify-bp16lah9.stream/account,1
http://steamcommunity.com@d3gfsb-secure.icu/login,1
http://usps-alert-km024f.loan/login,1
https://linkedin.com/watch?v=l32u5cxuhgk,0
https://forbes.com/,0
https://www.reuters.com/about-us,0
http://dhl.com.password-xxai.review/,1
http://adobe-20c1-mox9fx-pxaxujb-ukbh3g.click/wallet.php?id=4lhzal40fo,1
https://microsoft.com/search?q=climate,0
https://shop.facebook.com/account,0
https://www.expedia.com/category/fashion,0
https://support.indeed.com/account,0
https://mail.usa.gov/user/6417,0
http://coinbase-fp9sd-1117nyx-i4pfto-wntjc.work/confirm.php?id=wdcy03lt2k,1
https://mit.edu,0
https://twitch.tv/products/74125,0
http://instagram-password-px8d.date/login,1
https://www.mit.edu/search?q=fashion,0
https://mail.nasa.gov/about,0
https://news.usa.gov/article/product-launch,0
http://61.130.201.181/billing/apjc9r,1
https://www.cnn.com/watch?v=r3vp8lim06e,0
http://office365-xoqh-cgjk91d-0flocj5-8jikm.men/recover.php?id=szy0rcnj6b,1
https://www.twitch.tv/category/climate,0
http://google-0gcq8-3l64-0bt0o9-i1hvn.work/verify.php?id=qsc3hwnr2k,1
https://app.facebook.com/about,0
http://145.246.103.221/secure/9o3q2s,1
http://netflix-23c04-hznzev.gq/signin.php?id=729cij4anc,1
http://203.195.118.233/update/2yc5ub,1
http://tinyurl.com/l3qaz7x,1
http://coinbase.com.unlock-rzrw.tk/,1
https://www.bbc.com/login,0
http://is.gd/oqcq2ih,1
http://adobe-6cd64-m993-bqoqr7.win/confirm.php?id=37vih7jx1h,1
http://facebook.com@xtd4zw-secure.gq/login,1
http://bit.ly/ga1qgt6,1
http://dhl-account.review/account,1
https://www.booking.com/account,0
http://instagram-msmm-ef8tb02-w8x11p-ic345.ga/webscr.php?id=04m1mx46at,1
http://bankofamerica.com.login-879d.loan/,1
http://news.ebay.com/about-us,0
http://fedex.com.banking-erkf.stream/,1
https://coursera.org/search?q=technology,0
https://www.forbes.com/login,0
http://238.138.188.109/suspend/4qxl6q,1
https://support.namecheap.com/login,0
https://support.apple.com/article/top-10-tips,0
https://app.twitch.tv/news/breaking-news-update,0
http://tinyurl.com/eqh11k5,1
https://bloomberg.com/article/breaking-news-update,0
http://usps-m46gw-2abpt-ah3sm.ml/confirm.php?id=uhus3qlf4i,1
https://apple.com/products/16184,0
http://cutt.ly/xx9jc01,1
http://paypal.com@akncme-secure.stream/login,1
https://stanford.edu/help,0
http://rebrand.ly/p2waghp,1
http://usps-kd26-90zu-63ao.date/confirm.php?id=g4in18u0cs,1
http://walmart.com/support,0
http://steamcommunity.com@9fmsh9-secure.cf/login,1
https://news.udemy.com/products/55726,0
http://google-v8b80c3-krrm-3stv3-ng9l.ml/alert.php?id=463io4x85i,1
http://usps.com.suspend-yolj.gq/,1
http://usps-vuztc-vc79.icu/recover.php?id=qbuygrx2qm,1
http://irs-recover-k6s3a.top/update,1
https://dropbox.com/login,0
https://news.linkedin.com/checkout,0
http://cnn.com/news/year-in-review,0
http://bit.ly/vagy1e6,1
https://ibm.com/products/49956,0
https://stanford.edu/account/settings,0
https://yelp.com/about-us,0
http://bankofamerica.com@d5n0gu-secure.cf/login,1
https://app.netflix.com/cart,0
http://paypal.com.confirm-b0va.loan/,1
http://18.168.59.140/alert/3cnry5,1
http://coinbase.com.password-hb96.stream/,1
http://121.248.60.215/recover/kqly2g,1
http://apple.com.update-4xf5.work/,1
http://instagram.com@0ggov1-secure.men/login,1
https://www.adidas.com/user/76940,0
https://mail.netflix.com/cart,0
https://mail.wellsfargo.com/products/52470,0
https://shop.shopify.com/user/65180,0
https://www.nasa.gov/search?q=travel,0
https://shop.duolingo.com/help,0
https://yelp.com/article/expert-review,0
https://apple.com/account,0
http://wellsfargo.com.update-k83h.stream/,1
https://shop.cisco.com/user/66681,0
http://dhl-login.men/update,1
http://facebook.com.confirm-qfkx.cf/,1
http://paypal.com.verify-z38w.xyz/,1
http://news.facebook.com/help,0
http://218.215.27.128/billing/ktpfxl,1
http://google-avjy4-89gdth-mqbyy-dzij.stream/update.php?id=q7gs3taad2,1
https://support.coursera.org/,0
http://coinbase.com@1fnttu-secure.top/login,1
https://khanacademy.org/account/settings,0
http://shop.samsung.com/,0
http://binance.com@ok4kj1-secure.xyz/login,1
http://chase-7273vcf-ravaf-ysjzi-2gjz178.stream/account.php?id=deu7w097sc,1
http://44.102.139.84/wallet/k3ww8o,1
https://www.etsy.com/checkout,0
http://app.microsoft.com/news/how-to-get-started,0
https://cisco.com,0
http://netflix-alert-75fi.men/signin,1
https://microsoft.com,0
https://news.theguardian.com/news/expert-review,0
http://paypal.com@563p37-secure.top/login,1
http://outlook-2ffo-ikomwjb-vkfmvef-w42a3.ml/password.php?id=85mhn77s4h,1
http://irs.com.secure-hzg3.review/,1
http://microsoft-suspend.work/account,1
https://walmart.com/blog/year-in-review,0
http://microsoft.com@g18pn8-secure.click/login,1
https://shop.booking.com/about-us,0
https://mit.edu/products/28607,0
http://news.spotify.com/category/climate,0
https://support.adobe.com/products/30784,0
https://support.expedia.com/account/settings,0
https://www.spotify.com/account/settings,0
https://oracle.com/products/2976,0
http://t.co/0tiw5l5,1
https://shop.walmart.com/checkout,0
http://google-k29q0x3-7wzhctm.tk/unlock.php?id=ce5903kltd,1
http://facebook.com@4thvyx-secure.ga/login,1
https://www.airbnb.com/user/14919,0
http://paypal-q9f27sj-b4jc.work/webscr.php?id=mog4z206cg,1
http://147.156.161.215/secure/pm77xv,1
http://176.184.206.220/suspend/lamvgh,1
http://google-billing.ga/signin,1
http://fedex.com.banking-fh9x.icu/,1
https://google.com/user/56918,0
https://udemy.com/search?q=fashion,0
http://adobe-confirm-z8firmc.icu/login,1
https://www.target.com/blog/top-10-tips,0
http://microsoft-pn49-2tvvdg-eog9t.icu/recover.php?id=95kmsnu42s,1
http://cutt.ly/uirzubl,1
http://apple-login-5lt.ga/update,1
http://dropbox-hdcfoi-nv1r097.gq/wallet.php?id=osn3moba82,1
http://chase-9lu5z2-vmh9h.win/signin.php?id=meksx9cj18,1
https://news.nasa.gov/article/top-10-tips,0
http://11.102.93.238/login/bhokd1,1
http://139.236.123.212/verify/g47saw,1
https://news.twitch.tv/category/sports,0
https://shop.microsoft.com/news/year-in-review,0
https://support.udemy.com/help,0
http://is.gd/jodad46,1
https://app.theguardian.com/blog/product-launch,0
http://bankofamerica.com@tdaby8-secure.click/login,1
http://205.112.220.136/webscr/k830zr,1
http://irs-vaolxqr-tgnqrb.top/account.php?id=liah5mn6oq,1
http://netflix-webscr.top/account,1
https://app.nasa.gov/products,0
http://irs-pungr-02rxuvz.review/alert.php?id=08w13c530f,1
https://dell.com/contact,0
http://coinbase.com@oeg7bw-secure.xyz/login,1
https://godaddy.com/user/7322,0
http://outlook.com.billing-77yy.review/,1
http://paypal.com.signin-u8t7.tk/,1
http://wellsfargo.com@ggl0xt-secure.xyz/login,1
https://www.healthline.com/news/year-in-review,0
https://support.chase.com/login,0
http://rebrand.ly/l7rqcs8,1
http://bankofamerica-billing.click/login,1
http://amazon.com@rjav6n-secure.gq/login,1
https://news.pinterest.com/article/breaking-news-update,0
http://google.com.account-2rn9.tk/,1
https://hp.com/watch?v=y5r8t9450xp,0
http://paypal.com.wallet-tho6.win/,1
http://outlook-billing.gq/signin,1
http://facebook-update.tk/signin,1
http://chase.com@1r81xh-secure.xyz/login,1
http://dropbox.com@eoda5j-secure.win/login,1
https://support.chase.com/cart,0
https://mit.edu/category/finance,0
http://193.105.17.11/suspend/t2k0mv,1
https://shop.chase.com/about-us,0
https://app.adobe.com/,0
http://steamcommunity-qb6j9-gd23wr.work/billing.php?id=93zmxo4nit,1
https://adidas.com,0
https://shop.salesforce.com/news/breaking-news-update,0
http://chase.com.webscr-lty5.click/,1
https://support.udemy.com/watch?v=msv1r9y7n17,0
http://is.gd/yq9r14y,1
https://coursera.org/news/breaking-news-update,0
http://adobe-fqnr6-skj63h.top/secure.php?id=0sd0z7k6xk,1
https://www.amazon.com/checkout,0
http://binance-t8ufhzy-k2ykkm-220klzg-qwvjnb.click/secure.php?id=h2ditp2xe1,1
https://lyft.com/blog/year-in-review,0
http://rebrand.ly/h09wwl1,1
https://nike.com/news/breaking-news-update,0
http://office365-uy84-4p3dbvl-c02zk-6n0ir.gq/password.php?id=5ryxmrnfie,1
http://shop.paypal.com/account,0
https://app.squarespace.com/checkout,0
https://www.cdc.gov/support,0
https://support.lyft.com/login,0
https://mit.edu/search?q=climate,0
http://office365.com.update-j01v.win/,1
http://binance.com@dkqu98-secure.click/login,1
https://mail.usa.gov/login,0
https://www.target.com/about-us,0
https://news.wsj.com/cart,0
http://224.9.226.245/banking/s6kpkw,1
http://www.uber.com/category/science,0
https://citibank.com/,0
https://www.coursera.org/category/gaming,0
http://174.143.119.7/secure/m7m1p1,1
https://shop.chase.com/category/climate,0
http://tinyurl.com/4s0tzo8,1
http://paypal-jwiftp-45o3-p4db7-kq8x8v.loan/webscr.php?id=yfo7hhzxtv,1
http://microsoft-confirm.ga/signin,1
https://app.reuters.com/checkout,0
http://chase.com.confirm-yhal.ga/,1
https://shop.nasa.gov/article/product-launch,0
https://shop.cdc.gov/,0
http://goo.gl/vcqa16p,1
http://usps-banking.stream/account,1
http://cutt.ly/esnzoj5,1
http://steamcommunity-g0sgq9w-jo97p-9qop.date/password.php?id=suqfqng89v,1
http://paypal.com.update-evei.ga/,1
http://adobe.com@16oahn-secure.men/login,1
http://bit.ly/oby20rm,1
http://microsoft.com@j6pha6-secure.stream/login,1
http://ow.ly/00jk7l9,1
https://mail.irs.gov/about,0
http://coinbase.com@fenk6c-secure.review/login,1
http://facebook-ewmdbk-fvwhwg.stream/login.php?id=86x54hy3fi,1
https://www.uber.com/cart,0
http://paypal-confirm.work/login,1
http://salesforce.com,0
http://netflix-recover-gby0fz.stream/account,1
https://shopify.com/blog/top-10-tips,0
https://www.quora.com/watch?v=may74fpllgr,0
http://steamcommunity.com@ylroia-secure.work/login,1
https://mail.webmd.com,0
http://google-update.win/signin,1
https://support.wikipedia.org/user/92827,0
http://20.158.14.193/verify/hf0ai1,1
http://fedex.com@hrqzdu-secure.loan/login,1
http://binance-banking-3cvf9.icu/account,1
http://coinbase-unlock.cf/update,1
https://www.tripadvisor.com/search?q=health,0
http://tinyurl.com/bhuiu30,1
https://app.microsoft.com/user/51606,0
https://www.cnn.com/support,0
https://www.nytimes.com/user/79158,0
http://microsoft.com.account-rktb.click/,1
https://nytimes.com/help,0
http://binance-ddknc4p-0xn6r31-5e4ywz.ml/webscr.php?id=d2x26i7jxn,1
https://www.usa.gov/search?q=music,0
https://news.adidas.com/account/settings,0
https://news.theguardian.com/blog/expert-review,0
https://www.yelp.com/user/57841,0
https://www.bloomberg.com/watch?v=brz56vk3u0q,0
http://netflix.com.password-3i8d.icu/,1
https://shop.pinterest.com/category/science,0
https://expedia.com/login,0
https://www.stackoverflow.com/support,0
https://www.forbes.com/products,0
https://hp.com/search?q=technology,0
https://app.bloomberg.com/article/product-launch,0
http://chase-update-i1zs.ga/signin,1
http://apple-unlock-baqkn.men/update,1
https://www.nike.com/,0
https://zoom.us/help,0
https://shop.slack.com/search?q=gaming,0
https://www.dropbox.com/user/97350,0
https://citibank.com/search?q=finance,0
http://102.2.194.173/update/jpa0u4,1
https://news.stanford.edu/about-us,0
https://support.github.com/search?q=music,0
http://irs-alert.stream/account,1
https://mail.paypal.com/category/gaming,0
http://rebrand.ly/sp10y6a,1
http://instagram-ld41ta-aymrc-qq9iqh-d1le.ml/recover.php?id=ccpnp8pfzr,1
http://wellsfargo-t04ubg0-vsg9-mwazv.tk/update.php?id=hmjuh0r2e4,1
https://news.glassdoor.com,0
http://86.170.233.158/update/068axp,1
https://support.indeed.com/help,0
https://www.godaddy.com/products,0
http://fedex.com.confirm-rjoz.tk/,1
http://linkedin-alert-422dkn.work/account,1
http://netflix.com.login-9nap.stream/,1
https://support.hp.com/login,0
http://dropbox.com@xavler-secure.work/login,1
https://shop.wikipedia.org/checkout,0
http://33.52.20.225/account/xnf2js,1
http://irs.com@47xxa6-secure.work/login,1
https://news.instagram.com/login,0
http://fedex.com.secure-3srb.cf/,1
https://news.microsoft.com/category/sports,0
http://t.co/axtl4sj,1
https://news.webmd.com/search?q=sports,0
http://apple-r5e9-x37b97.xyz/alert.php?id=acciowcs26,1
http://binance.com@t37szc-secure.tk/login,1
http://52.150.121.231/account/01s9ba,1
http://paypal.com.billing-uvg9.stream/,1
http://234.147.92.148/suspend/ugjvpp,1
http://usps-signin.stream/update,1
http://bit.ly/yq9b1n7,1
http://chase.com.webscr-qhzf.ga/,1
http://bit.ly/0gx8r6h,1
https://shop.apple.com/news/how-to-get-started,0
https://shop.forbes.com/login,0
https://www.slack.com/contact,0
https://bbc.com/about,0
https://www.bbc.com/about-us,0
http://wellsfargo-f9txm-iz8rbm.ga/unlock.php?id=tcp01vwteh,1
http://190.76.231.230/secure/tzcvdb,1
http://shop.walmart.com/support,0
https://shop.pinterest.com/account,0
http://chase.com@njgabh-secure.ga/login,1
http://wellsfargo.com.login-dqbh.gq/,1
https://www.github.com/article/top-10-tips,0
http://outlook-xn7dn-iy7x3-euh5pr2-95vz.cf/account.php?id=f16h5p51eh,1
http://cutt.ly/15icdnq,1
http://instagram-password.icu/update,1
http://dhl.com.login-pxqe.men/,1
http://netflix.com.login-fa9b.click/,1
http://142.231.132.161/account/1tzu9q,1
http://rebrand.ly/kkr2dx9,1
http://apple.com@9a30ji-secure.win/login,1
https://wix.com/products,0
http://139.65.9.73/confirm/w3uxhp,1
http://amazon-5ibg-vcfo9-8lefx70.click/signin.php?id=8zbniab2yu,1
http://t.co/hynyw45,1
https://www.mayoclinic.org/,0
http://usps-login-xqi.icu/update,1
https://www.wellsfargo.com/search?q=music,0
http://microsoft-oms9jb-p03c30-117j5-5zz021.ml/login.php?id=vkn7d1h435,1
http://facebook-wallet-fqm.tk/signin,1
https://paypal.com/,0
https://support.yahoo.com/products,0
https://shop.usa.gov/blog/top-10-tips,0
https://support.duolingo.com/search?q=gaming,0
https://youtube.com/checkout,0
https://mail.bankofamerica.com/,0
http://linkedin-password-ejfla.icu/login,1
http://netflix.com@nddd2n-secure.icu/login,1
https://intel.com/article/year-in-review,0
https://twitter.com/search?q=science,0
https://news.healthline.com/account,0
https://shop.netflix.com/news/product-launch,0
https://netflix.com/,0
http://dropbox-password.icu/login,1
https://support.intel.com,0
https://zoom.us/article/year-in-review,0
https://wellsfargo.com/login,0
https://news.twitch.tv/search?q=science,0
https://www.amazon.com/user/34036,0
https://shop.google.com,0
http://binance.com@f645ha-secure.top/login,1
http://81.88.77.42/recover/ej5mhw,1
http://instagram.com.billing-j7au.gq/,1
https://support.zoom.us/help,0
http://linkedin-0yvzvas-ise0m-ut2u.cf/secure.php?id=eoyun44509,1
https://indeed.com/category/travel,0
http://outlook.com.banking-zh7d.win/,1
http://wellsfargo-suspend-eruw3j.men/update,1
https://support.adobe.com/checkout,0
https://expedia.com/contact,0
https://www.youtube.com/contact,0
http://outlook.com.login-hruj.gq/,1
http://amazon-billing.gq/signin,1
http://dropbox-rwocqj-s4m05n7.review/unlock.php?id=t53l0uej8i,1
https://shopify.com/blog/expert-review,0
https://wellsfargo.com/,0
https://support.udemy.com/account,0
http://facebook.com@fj02lv-secure.stream/login,1
http://microsoft.com@agkavr-secure.review/login,1
http://50.106.26.73/billing/3nvufm,1
https://app.ibm.com/about,0
https://microsoft.com/contact,0
https://mail.reuters.com/article/expert-review,0
https://shop.twitch.tv/watch?v=fk2st0sx5wv,0
https://support.booking.com/watch?v=mrde51k8lxe,0
https://mail.shopify.com/watch?v=a1i10pkap7w,0
http://dropbox-unlock-f7yzqn.review/signin,1
http://support.netflix.com/news/product-launch,0
http://irs.com.suspend-acfo.review/,1
https://www.apple.com/login,0
http://cutt.ly/3vg29kw,1
http://is.gd/e59r4kp,1
http://outlook-rbdka-j2j4i9-mqd3y-c5aj0y.cf/update.php?id=o6s7cmd2g5,1
http://coinbase.com.unlock-jyot.cf/,1
https://shop.nasa.gov/search?q=gaming,0
http://197.246.176.220/secure/xhraur,1
https://www.uber.com/blog/how-to-get-started,0
https://shop.hp.com/support,0
http://apple-secure-gakw.loan/login,1
http://office365.com@jyscsw-secure.review/login,1
http://is.gd/h90t1c6,1
https://news.airbnb.com/checkout,0
http://binance.com.unlock-aufp.top/,1
http://rebrand.ly/7rpg2h2,1
https://www.reuters.com/blog/product-launch,0
http://paypal.com@0ypnc4-secure.win/login,1
http://bit.ly/ylihcew,1
http://office365-verify-ybh.loan/signin,1
https://www.bankofamerica.com/category/sports,0
http://cutt.ly/9dlbt2l,1
https://shop.sony.com/checkout,0
http://instagram-7s4g5v2-aykp2j.date/wallet.php?id=tzyzcdkplo,1
https://youtube.com/support,0
https://mail.reuters.com/contact,0
https://www.who.int/contact,0
https://shop.yelp.com/news/top-10-tips,0
http://coinbase-fvdzl-pkb8.work/recover.php?id=e6hpzzengu,1
http://binance.com.suspend-xtbi.cf/,1
https://mail.github.com/category/gaming,0
http://70.146.10.214/recover/tglzlm,1
http://linkedin.com.wallet-1alv.stream/,1
http://186.147.200.29/signin/p4aoqw,1
https://forbes.com/products,0
https://shop.dropbox.com,0
http://pinterest.com/category/technology,0
http://paypal.com@c4wake-secure.review/login,1
http://fedex.com@58co9b-secure.stream/login,1
http://bankofamerica.com.recover-77hb.click/,1
https://news.lyft.com/account/settings,0
http://ow.ly/wbxj72i,1
http://46.10.113.99/secure/m3td7u,1
https://shop.nike.com/article/expert-review,0
http://apple-co1n-nqr8-ik9pw-ps2kpm.gq/login.php?id=hmjszz4le2,1
http://coinbase.com.wallet-nmkt.cf/,1
http://wellsfargo.com.verify-xk7w.ml/,1
http://dhl.com.secure-jylc.win/,1
https://support.wellsfargo.com/account,0
http://facebook-signin.loan/account,1
https://news.yelp.com/checkout,0
http://binance-1hrj-33vv.icu/alert.php?id=pt3jmj0ljl,1
https://news.bbc.com/support,0
http://steamcommunity.com@t2s2fs-secure.top/login,1
http://microsoft-password.tk/update,1
http://tinyurl.com/5riry4r,1
https://squarespace.com/login,0
http://coinbase.com.webscr-n1t9.tk/,1
https://support.webmd.com/support,0
https://shop.bestbuy.com/help,0
https://mail.youtube.com/support,0
http://t.co/i7jlrun,1
http://netflix.com.billing-vro6.loan/,1
http://office365-71fdt-odb5qph-fs8p-i9xc3u.review/suspend.php?id=36wdpcsufi,1
https://www.tripadvisor.com/about,0
http://fedex.com@5zplyo-secure.date/login,1
https://www.espn.com/products/59887,0
http://wellsfargo.com/,0
https://spotify.com/contact,0
https://shop.mayoclinic.org/user/70206,0
https://www.bestbuy.com/account,0
https://news.nasa.gov/account,0
https://mayoclinic.org/search?q=music,0
http://adobe.com.confirm-5ffk.win/,1
https://app.udemy.com/user/44833,0
http://intel.com/,0
https://shop.apple.com/account,0
https://app.target.com/products,0
https://www.namecheap.com/about-us,0
http://chase.com.banking-11rl.top/,1
http://119.184.110.200/verify/g8hpi9,1
https://mail.zoom.us/contact,0
https://bloomberg.com/products,0
http://steamcommunity-webscr-325iu.xyz/login,1
https://shopify.com/account,0
http://outlook.com@7bu19z-secure.xyz/login,1
https://news.sony.com/checkout,0
http://binance-9wpblf9-bju68-8s0h2n4.ga/password.php?id=lfloh5ri7b,1
https://mail.webmd.com/article/breaking-news-update,0
http://apple-update.icu/update,1
http://netflix.com@tvdkzg-secure.ga/login,1
http://support.indeed.com/login,0
http://148.18.183.75/webscr/mpr4gd,1
https://news.healthline.com/category/gaming,0
https://mail.booking.com/products,0
https://twitter.com/watch?v=2pir2yjkd9u,0
http://fedex.com.signin-6bcw.gq/,1
https://google.com/products,0
https://www.paypal.com/about,0
http://chase-account.date/signin,1
http://wellsfargo-l92a-obx7hlr-8d3mw-qimyjb9.cf/unlock.php?id=9xx936xy09,1
https://mail.wikipedia.org/help,0
http://amazon-d7186pm-1uhy.xyz/login.php?id=fwvwi9fl3x,1
https://www.harvard.edu/search?q=finance,0
https://samsung.com/support,0
http://outlook-webscr.loan/update,1
http://rebrand.ly/n1qdyd7,1
http://adobe.com@2baqmr-secure.work/login,1
http://48.65.173.167/banking/gd3uex,1
http://227.161.113.32/billing/5o412q,1
https://app.chase.com/cart,0
http://242.222.228.82/confirm/mo872b,1
https://app.bestbuy.com/products,0
https://support.healthline.com/account/settings,0
http://instagram-s63bkb-1n6wv.cf/webscr.php?id=ssa28t4ymi,1
https://www.samsung.com/checkout,0
http://outlook-unlock.work/login,1
http://outlook.com@na2lf4-secure.men/login,1
http://binance-unlock.men/account,1
https://app.facebook.com/help,0
http://usps-6bjnzs-t2wf559.win/login.php?id=17my6xlejw,1
http://linkedin-5xhs6je-c0zo-vcez-rn6guuh.ga/billing.php?id=pwq7f139fx,1
http://tinyurl.com/a0kll5z,1
http://steamcommunity-kba2-4ouaaw-iyll-ncjui84.date/password.php?id=iajdge2m0g,1
https://app.webmd.com/watch?v=ke0qc96mj9n,0
http://chase.com.signin-zb4h.ga/,1
http://microsoft.com.recover-lmj9.review/,1
http://office365.com@uls4bi-secure.ga/login,1
http://steamcommunity-account-8yxed.icu/update,1
http://www.hp.com/help,0
https://news.instagram.com/help,0
http://irs.com.confirm-er4b.men/,1
https://www.theguardian.com/support,0
https://shop.reuters.com/help,0
https://support.stanford.edu/,0
https://support.bloomberg.com/account/settings,0
https://www.yahoo.com/login,0
http://office365.com@axjea9-secure.click/login,1
http://fedex.com@h6xm6a-secure.xyz/login,1
http://92.172.231.206/billing/6v9lfb,1
http://app.pinterest.com/products,0
http://microsoft.com@j35yhk-secure.tk/login,1
https://slack.com/user/95936,0
https://news.dell.com/checkout,0
https://news.pinterest.com/watch?v=9t0z4o75rdd,0
https://shop.bankofamerica.com/login,0
http://rebrand.ly/3e90eqe,1
http://adobe-cg7g2mv-h22zgm-2cgs-te87.click/login.php?id=s7hisl5fj6,1
https://shop.glassdoor.com/products,0
http://paypal.com@jbvimz-secure.gq/login,1
https://app.harvard.edu/search?q=sports,0
http://wellsfargo.com@n89piv-secure.date/login,1
https://support.walmart.com/contact,0
http://29.54.234.111/password/b0vk8f,1
https://twitter.com/contact,0
https://shop.quora.com/about,0
http://is.gd/ybze4m8,1
http://coinbase-f017-m1f3u-8nq99f.date/billing.php?id=cv506nkv2h,1
https://news.linkedin.com/account/settings,0
http://instagram-jkc9st-lxz1m-oqi19.cf/webscr.php?id=1rwsb4hy6a,1
https://adobe.com/,0
http://coinbase.com@cw6b27-secure.click/login,1
http://t.co/ja322xw,1
http://steamcommunity.com.signin-ei2l.xyz/,1
http://cutt.ly/62j6goq,1
http://176.228.143.102/banking/qrxtm0,1
http://paypal-wc94twk-frjs-glivho-kto9.win/recover.php?id=etccgrph3q,1
http://wellsfargo.com@hiurgo-secure.click/login,1
http://217.25.207.58/signin/m4knpi,1
http://120.187.177.95/password/9nwejf,1
http://usps.com.wallet-gvn5.tk/,1
https://forbes.com/user/36949,0
https://www.nike.com/search?q=climate,0
https://mail.spotify.com/account,0
http://paypal.com@niuhrv-secure.men/login,1
https://reddit.com/category/health,0
http://178.2.116.230/alert/j5duyy,1
http://binance-l7do-xar3jd-py99-fpcb.date/confirm.php?id=8jt6plbomo,1
https://news.theguardian.com,0
http://instagram-confirm-dy3.men/update,1
http://89.97.212.140/banking/f4swr4,1
http://irs-unlock.ga/account,1
http://facebook-signin-digsnt.tk/update,1
https://news.spotify.com/checkout,0
http://3.238.206.110/confirm/rubhvn,1
http://microsoft-recover.click/account,1
http://142.167.14.221/confirm/ych0af,1
http://dhl.com.confirm-ley2.tk/,1
http://184.104.91.253/billing/o02mfr,1
http://linkedin-k2vhhz5-fdlf2eo-8t36.top/alert.php?id=0chcdnh2e0,1
https://reddit.com/,0
https://www.expedia.com/help,0
http://office365.com.confirm-917v.tk/,1
https://app.glassdoor.com/products/29879,0
https://news.wikipedia.org/news/breaking-news-update,0
http://rebrand.ly/0ekdq1v,1
https://app.wix.com/account/settings,0
https://app.khanacademy.org/user/26611,0
https://ebay.com/account/settings,0
https://www.github.com/category/climate,0
https://nytimes.com/user/23566,0
https://wordpress.com/account,0
http://facebook-d3rrj-cmdrm-0rui-fyx0j.gq/webscr.php?id=3wpxwdogdm,1
http://is.gd/e4p6ihc,1
https://apple.com/about,0
http://netflix.com@ojp5p4-secure.tk/login,1
http://dropbox.com.signin-ej57.men/,1
https://medium.com/,0
http://apple.com.login-gnh3.icu/,1
https://app.indeed.com/support,0
https://mail.yahoo.com/products/89176,0
http://dropbox-ujkmc3-7dv41xq-3znhns-e3nmnfc.cf/login.php?id=sxdk2wgwyh,1
https://hp.com/blog/guide-2026,0
http://microsoft.com.alert-d6mf.work/,1
http://app.youtube.com/news/how-to-get-started,0
http://goo.gl/hndru4l,1
https://spotify.com/user/30217,0
http://34.102.20.197/password/z2qs3n,1
http://irs-update.stream/signin,1
https://ebay.com/watch?v=gdx5o31yhxs,0
https://shop.harvard.edu/search?q=sports,0
https://shop.squarespace.com/news/breaking-news-update,0
http://office365-r8vu-agnsn-rgous.loan/login.php?id=u9f6pzd7he,1
https://www.cnn.com/category/fashion,0
https://support.chase.com/category/fashion,0
http://apple.com.confirm-l9r5.click/,1
http://office365-secure-z0vccli.date/update,1
https://wix.com/,0
http://chase.com.confirm-2o9f.top/,1
https://nasa.gov/contact,0
http://ow.ly/62er6eu,1
https://support.expedia.com/user/95782,0
https://namecheap.com/article/breaking-news-update,0
http://is.gd/w35kkab,1
http://adobe-webscr-9p94.review/login,1
https://news.bankofamerica.com/search?q=finance,0
https://wsj.com/products,0
https://news.dell.com/account/settings,0
https://www.google.com/login,0
http://dropbox-w8jkd4b-4kut76-p9743.review/recover.php?id=shbuy3e8cu,1
https://app.espn.com/contact,0
https://www.pinterest.com/news/top-10-tips,0
http://fedex-2i6uk-y7zpuo.gq/unlock.php?id=qqxt7jo01f,1
https://www.tripadvisor.com/category/health,0
https://app.forbes.com/about,0
http://paypal.com.banking-9ruf.click/,1
https://support.instagram.com/blog/guide-2026,0
https://www.wikipedia.org/search?q=travel,0
http://google.com@wma1nn-secure.men/login,1
http://chase-1mb4-lohsp.tk/alert.php?id=ziweirkrim,1
https://mail.forbes.com/,0
http://fedex-banking.review/login,1
http://binance.com@ip85lj-secure.work/login,1
http://paypal-confirm.xyz/signin,1
http://instagram-banking-c5viriiq.ga/signin,1
https://support.yahoo.com/support,0
http://binance-rvg8on5-mpmz6-g5vwx.top/verify.php?id=4psyyw0gaj,1
https://shop.nike.com/checkout,0
https://cdc.gov/watch?v=nfgzskiguve,0
http://google.com@eledk7-secure.tk/login,1
http://mail.ibm.com/category/travel,0
http://apple.com@shuge0-secure.top/login,1
https://news.nasa.gov/contact,0
https://support.bankofamerica.com/search?q=food,0
https://www.etsy.com/login,0
https://mail.nasa.gov/cart,0
http://steamcommunity-pqv6uu-f8u8-yn45j-i0by.tk/recover.php?id=s4c3g4c1ar,1
http://coinbase.com.recover-9klf.click/,1
http://dhl.com.recover-rqq1.win/,1
https://www.theguardian.com/login,0
https://microsoft.com/account,0
http://43.190.26.44/suspend/z8tbf8,1
http://amazon-unlock-49e6.work/account,1
http://amazon-s587-xh5bj-1x4vie-xm98.cf/unlock.php?id=5p4q0pcqep,1
http://apple-banking.stream/update,1
http://cutt.ly/3ue46ne,1
http://100.111.243.133/login/1f3x0r,1
http://amazon.com.verify-46ru.win/,1
http://dropbox.com.password-l3zm.stream/,1
https://linkedin.com/support,0
http://instagram-alert.loan/signin,1
http://chase.com.password-tt7r.work/,1
https://www.apple.com/products,0
http://tinyurl.com/4gn9slx,1
http://coinbase.com@k06gs2-secure.xyz/login,1
https://mail.udemy.com/account/settings,0
http://microsoft.com.alert-gdco.date/,1
http://amazon.com.webscr-h282.xyz/,1
http://59.22.147.6/suspend/wzjw87,1
http://coinbase-04dv0-p6fy-47areja.xyz/webscr.php?id=k1b5f83xaz,1
http://dhl-suspend.gq/login,1
https://usa.gov/about,0
https://lyft.com/blog/expert-review,0
https://news.quora.com/about,0
http://bankofamerica-suspend-ovhbtl.ga/login,1
http://tinyurl.com/c39yuv3,1
https://mail.stackoverflow.com/search?q=fashion,0
https://mail.target.com/,0
http://coinbase-8n3eg3-4su3c.icu/alert.php?id=z8h8ce80xk,1
http://adobe.com.billing-llop.stream/,1
https://mail.hp.com/watch?v=o0akgg5pkxu,0
https://mail.cnn.com/watch?v=nun446q16nz,0
https://app.godaddy.com/category/travel,0
http://instagram-update-l67.tk/account,1
http://dropbox.com.recover-uupm.date/,1
http://wellsfargo-verify-q62vx5.ml/update,1
http://google.com.verify-3tpy.loan/,1
https://usa.gov/about-us,0
http://tinyurl.com/rlq17de,1
https://www.adobe.com/search?q=technology,0
http://49.140.181.77/billing/8yuzqn,1
http://outlook.com.verify-x2pp.win/,1
https://bbc.com/account,0
https://www.facebook.com/help,0
http://irs-cwql-sne8.ml/secure.php?id=445azd30m4,1
https://dell.com/category/technology,0
http://usps.com.alert-uxg5.men/,1
http://is.gd/zs4bf1q,1
http://adobe.com.password-5yzw.loan/,1
http://instagram.com@fvque1-secure.cf/login,1
http://outlook.com@z42pna-secure.icu/login,1
http://rebrand.ly/yh075ko,1
https://walmart.com/login,0
https://www.cisco.com/support,0
http://146.218.129.72/billing/owczp8,1
https://mail.cnn.com/contact,0
https://udemy.com/contact,0
https://news.github.com/category/music,0
https://oracle.com/products/43159,0
http://fedex.com@kavfam-secure.ga/login,1
https://www.amazon.com/search?q=finance,0
http://coinbase-d56fvd-7gpr3rk-tobd-6y3c.ga/wallet.php?id=99q75tjvew,1
http://166.149.132.240/secure/two4x1,1
https://facebook.com/help,0
http://dropbox-7c53d-0u5nth8.ga/confirm.php?id=qt408osla7,1
http://ow.ly/l8f18j4,1
http://office365-wallet-my5tg5hj.work/login,1
http://fedex-i91xrl-u2t8q-3cz6-i1geiez.xyz/billing.php?id=0p2lr52h20,1
https://www.theguardian.com/checkout,0
https://news.squarespace.com/,0
https://support.github.com/about-us,0
http://google-recover-e0b2.click/login,1
http://oracle.com/checkout,0
https://dell.com/account/settings,0
http://bankofamerica.com.suspend-jiqi.icu/,1
http://dropbox.com@gmgiek-secure.loan/login,1
http://bankofamerica.com@r93dzo-secure.cf/login,1
https://amazon.com/checkout,0
https://hp.com/about,0
http://is.gd/lowjbvh,1
https://walmart.com/news/product-launch,0
http://dhl.com@ajehxr-secure.top/login,1
http://who.int/products/57127,0
http://usps.com@imza66-secure.ga/login,1
https://app.quora.com,0
http://apple-wallet-tmc.work/login,1
http://220.43.230.24/secure/6pkq4r,1
http://rebrand.ly/7c69bfi,1
http://adobe.com.update-7pa3.men/,1
http://27.120.100.110/alert/4wg6rp,1
https://coursera.org/products,0
http://paypal-zo0kx7-kv00i-kyjc.stream/suspend.php?id=sm48m22jlt,1
https://bestbuy.com/help,0
http://irs.com.banking-fm1s.icu/,1
http://dhl.com@ntimk6-secure.ga/login,1
https://app.pinterest.com/news/how-to-get-started,0
http://is.gd/fopdkhv,1
http://instagram.com.webscr-uskk.tk/,1
https://news.expedia.com/watch?v=8g4dyuvumsf,0
https://www.webmd.com/login,0
http://netflix.com.login-ewve.tk/,1
http://coinbase.com@tpmo84-secure.work/login,1
https://news.nytimes.com/products,0
http://211.11.231.200/suspend/c1mh1n,1
https://mail.bbc.com/products/92049,0
https://shop.namecheap.com/about-us,0
http://bit.ly/vcncxlz,1
https://support.usa.gov/article/top-10-tips,0
https://mail.healthline.com/help,0
http://microsoft-suspend.cf/login,1
http://ow.ly/jlv8ed7,1
https://support.pinterest.com/products,0
http://steamcommunity-botzl9d-uhzbl16-d6unuw.tk/banking.php?id=s1co1rywym,1
https://app.github.com/about-us,0
http://outlook-suspend-xpugwvj.stream/account,1
http://bit.ly/sv7rlm3,1
https://irs.gov/account/settings,0
http://google-xcgl28d-4lm4jb-8uyge-e769.ml/banking.php?id=vgcpww4e2f,1
http://app.twitch.tv/contact,0
https://stanford.edu/contact,0
http://linkedin.com@bqt1dt-secure.ml/login,1
https://hp.com,0
http://wellsfargo.com.recover-fw2w.gq/,1
https://shop.glassdoor.com/help,0
https://www.yelp.com/blog/product-launch,0
http://adobe-pzbs6-x6tukx.click/suspend.php?id=xc7121tfav,1
https://www.coursera.org/cart,0
https://bestbuy.com/news/how-to-get-started,0
https://news.salesforce.com/user/73113,0
http://support.instagram.com/checkout,0
https://www.espn.com/checkout,0
https://support.bankofamerica.com,0
https://app.adobe.com/news/product-launch,0
https://dell.com,0
https://shop.forbes.com/about-us,0
https://support.intel.com/user/34297,0
https://cisco.com/search?q=health,0
https://intel.com/category/travel,0
https://app.citibank.com/watch?v=n2bhyaq6o60,0
http://apple.com@kn4e45-secure.tk/login,1
https://app.target.com/,0
https://stackoverflow.com/article/guide-2026,0
https://app.wix.com/watch?v=84wyx74zemg,0
https://facebook.com/,0
http://outlook-tsg1-26agd2-rzim-qwme50.xyz/suspend.php?id=3rx5lfzfjd,1
http://instagram.com.recover-8gdv.review/,1
http://cutt.ly/ol8c4w8,1
http://apple-suspend-z00kg8i.win/login,1
https://www.forbes.com/account,0
https://app.indeed.com/login,0
http://137.4.56.103/secure/kymjyg,1
https://www.twitter.com/cart,0
http://binance-g692u1z-qcxn9b2-u16ri.xyz/signin.php?id=mnjrcvyrrv,1
https://stackoverflow.com/blog/product-launch,0
https://shop.salesforce.com/article/how-to-get-started,0
http://dhl.com@4br3rn-secure.win/login,1
https://mail.bloomberg.com/checkout,0
https://mail.airbnb.com,0
http://131.101.30.115/account/dp3qoi,1
http://www.zoom.us/user/18436,0
http://facebook.com@at0lgc-secure.review/login,1
https://app.amazon.com/help,0
http://cutt.ly/4jnlmk3,1
http://109.218.176.195/billing/r2xgpb,1
https://www.bankofamerica.com/article/guide-2026,0
https://shop.wordpress.com/about-us,0
http://ow.ly/3tzuej2,1
https://support.wsj.com/products,0
http://facebook.com@pw3zvw-secure.gq/login,1
https://who.int/article/breaking-news-update,0
https://shop.github.com/account/settings,0
http://binance.com@n6f0yc-secure.icu/login,1
https://app.dell.com/,0
https://lyft.com/search?q=technology,0
https://shop.uber.com/category/food,0
http://outlook-4q2wz9-ue07-vv1c-ahe441e.ga/unlock.php?id=0bd4aqbi4f,1
https://forbes.com/user/58557,0
http://www.etsy.com/about,0
http://binance.com.update-uvgl.loan/,1
https://app.stackoverflow.com/support,0
http://81.63.142.51/signin/okm948,1
http://goo.gl/f12a5ws,1
http://25.6.138.221/signin/81y8o4,1
http://246.5.136.140/login/5hmkja,1
https://app.apple.com/cart,0
https://news.reuters.com/cart,0
http://t.co/e5l9pvs,1
http://netflix-webscr.top/update,1
http://steamcommunity.com@wpwhvf-secure.gq/login,1
http://157.129.27.162/alert/7xa23b,1
http://183.97.190.149/signin/q3qtma,1
http://google.com.alert-7o0y.stream/,1
https://indeed.com/checkout,0
http://rebrand.ly/f4ha28l,1
https://app.microsoft.com/cart,0
http://184.155.152.82/recover/ghsn6m,1
http://outlook.com.unlock-d0e8.ml/,1
https://instagram.com/,0
https://adidas.com/search?q=finance,0
http://news.reddit.com/watch?v=bmp4jdud6le,0
https://app.wordpress.com/blog/product-launch,0
https://shop.etsy.com/about,0
https://mail.etsy.com/blog/breaking-news-update,0
https://support.instagram.com/search?q=travel,0
https://cdc.gov/blog/expert-review,0
https://bankofamerica.com/checkout,0
https://mail.cisco.com/article/year-in-review,0
http://adobe.com@d44bm4-secure.cf/login,1
http://bankofamerica.com@2pcot0-secure.ml/login,1
http://steamcommunity.com@g2tmo4-secure.review/login,1
http://bankofamerica.com@p0yvpa-secure.date/login,1
https://adidas.com/,0
http://binance-hebm-cuwi9-xgzf8-53p6vb.work/webscr.php?id=5httnokyaa,1
http://paypal-bur0k-f8dnz3l-r26ompi-yh6grb.ml/wallet.php?id=h2bqgfqw85,1
http://chase-xv6r1td-j5ir.loan/webscr.php?id=wl2i4bitqu,1
http://netflix.com@32x570-secure.work/login,1
http://pinterest.com/news/guide-2026,0
http://169.17.59.230/verify/jtsozs,1
http://instagram.com@id5a47-secure.ga/login,1
http://cutt.ly/b3kw49h,1
http://office365-uj8n-5z1ap.date/billing.php?id=b7qpizj8hb,1
http://office365.com.unlock-0eup.win/,1
https://espn.com/account/settings,0
http://55.144.133.136/banking/dfzl5j,1
http://fedex-login.click/login,1
http://dhl.com.signin-qj0a.click/,1
https://webmd.com/article/product-launch,0
http://fedex-password-ug0h7lv.loan/login,1
http://dhl-billing.gq/update,1
http://coinbase-rzzsbl-9ecao6-0w4f.men/wallet.php?id=mh05avcjso,1
https://www.yelp.com/,0
http://ibm.com/login,0
https://www.bankofamerica.com/support,0
http://chase-suspend.work/account,1
http://goo.gl/7ildy59,1
https://squarespace.com/article/breaking-news-update,0
http://instagram-alert-sr9g36j.loan/signin,1
https://app.slack.com/account/settings,0
http://140.67.136.62/webscr/he3dhs,1
https://app.apple.com/user/98783,0
https://news.github.com,0
https://news.sony.com/news/expert-review,0
http://microsoft-banking.work/signin,1
http://adobe-kl9r-4a3ndp-n89m.men/billing.php?id=ir6sawhcrc,1
http://paypal.com.billing-lecx.loan/,1
http://rebrand.ly/gsy5ybi,1
http://steamcommunity.com.unlock-w561.ga/,1
https://namecheap.com/blog/breaking-news-update,0
https://uber.com/user/88850,0
http://apple.com@f9s2u8-secure.review/login,1
http://usps.com.update-l2di.top/,1
https://uber.com/account,0
https://mail.etsy.com/watch?v=daudpusqc38,0
http://google.com@sgsra6-secure.work/login,1
https://www.wix.com/contact,0
https://harvard.edu/products/65550,0
https://news.apple.com/article/how-to-get-started,0
https://airbnb.com/products/67200,0
http://irs-alert.gq/login,1
http://rebrand.ly/mzkntk3,1
http://252.173.21.249/secure/3ep2xm,1
http://netflix-update.win/update,1
http://amazon.com.password-a6po.xyz/,1
http://usps-ve13gt2-nv92v-tfqcow-5o4dn.ga/password.php?id=vpasgpagi3,1
http://coinbase.com@y2wa6l-secure.top/login,1
http://microsoft.com@vdesis-secure.work/login,1
http://instagram.com@ky2nqh-secure.cf/login,1
http://tinyurl.com/wc1q9ap,1
https://youtube.com/products,0
http://binance-account.xyz/signin,1
http://bankofamerica.com.wallet-2dxm.xyz/,1
https://mail.adobe.com/about-us,0
https://tripadvisor.com/products,0
http://news.duolingo.com/watch?v=t05qxs2u4oj,0
http://outlook.com@qly3ib-secure.ga/login,1
http://linkedin.com.billing-6jf3.ml/,1
http://fedex.com@vm4t6b-secure.ml/login,1
https://netflix.com/about-us,0
https://news.salesforce.com/login,0
https://app.bestbuy.com/support,0
https://app.bestbuy.com/account,0
https://bbc.com/article/product-launch,0
http://55.99.136.43/billing/lsvryl,1
http://instagram.com.billing-z1qe.top/,1
https://www.who.int/help,0
http://72.158.157.136/suspend/nkfn90,1
http://office365.com@uhfrl3-secure.work/login,1
https://quora.com/search?q=food,0
http://irs.com@8vc7hl-secure.ml/login,1
https://shop.cnn.com/support,0
http://usps-k1sr8-dbm4-5un7d-kgamyj.ml/recover.php?id=v2zottsmzn,1
https://www.pinterest.com/account,0
http://dropbox.com@e9pn93-secure.click/login,1
http://netflix.com.update-v07a.tk/,1
http://dhl-webscr.win/update,1
https://app.mit.edu/account/settings,0
https://shop.mayoclinic.org,0
http://paypal.com@xw4wyr-secure.men/login,1
http://instagram-nqk61-juns8w-duitm-yq2xjs.tk/banking.php?id=ae1pbt1q27,1
https://www.pinterest.com/,0
https://mail.indeed.com/contact,0
https://support.reddit.com/search?q=science,0
http://1.92.202.16/suspend/acijwz,1
http://is.gd/ufah4ba,1
http://fedex.com@em0vyr-secure.cf/login,1
http://usps-confirm.gq/login,1
http://dropbox-urpjqh-we0b-3ra7g-pk5r.top/password.php?id=idt815qpy6,1
http://outlook.com.unlock-3kdd.ml/,1
http://28.65.92.62/webscr/xyep6c,1
http://177.5.239.84/secure/5wl10m,1
https://www.wordpress.com/account/settings,0
http://dhl.com.alert-ar0c.ml/,1
http://adobe.com@76rrf2-secure.ml/login,1
http://microsoft-9askyy-be3t5b-swvd-77tjc79.ml/billing.php?id=qdm6rzq0h1,1
http://bit.ly/kuvdi0i,1
http://microsoft-h22s-fachs6r-9tkwpjm.stream/signin.php?id=jd85kog3ln,1
https://news.wellsfargo.com/blog/breaking-news-update,0
http://rebrand.ly/1jyw9m5,1
http://linkedin.com@z6mrxl-secure.ml/login,1
http://nasa.gov/account/settings,0
https://wikipedia.org/contact,0
http://dhl.com@vcz823-secure.cf/login,1
https://news.indeed.com/article/top-10-tips,0
https://pinterest.com/contact,0
http://irs.com.update-wym2.win/,1
https://app.ibm.com/watch?v=ilcg6farmgj,0
http://41.191.172.178/billing/wq7an7,1
http://netflix.com.banking-yqxx.gq/,1
https://mail.reddit.com/search?q=python,0
https://shop.reddit.com/news/product-launch,0
https://shop.mayoclinic.org/support,0
https://shop.zoom.us/products/5431,0
https://ebay.com/products/13768,0
https://dell.com/category/fashion,0
http://dhl.com.alert-01pm.click/,1
https://theguardian.com/category/travel,0
http://rebrand.ly/fq98vw0,1
https://mail.stanford.edu/checkout,0
http://binance.com@hbz67s-secure.top/login,1
http://webmd.com/checkout,0
https://www.who.int/login,0
http://paypal.com.account-p3hz.click/,1
http://instagram-we0vc-x6rl-qr4ff-h1tp7qn.icu/secure.php?id=g94mdrd2fx,1
http://t.co/oalka91,1
https://news.expedia.com/about,0
https://webmd.com/account/settings,0
http://apple.com@rp8ztp-secure.gq/login,1
http://bankofamerica.com.webscr-p391.win/,1
http://fedex-f3io61h-9v8g-x3u5r.gq/billing.php?id=1xnpwcsq6d,1
https://app.adobe.com/support,0
https://shop.youtube.com/products/16586,0
http://coinbase.com.signin-tovr.loan/,1
https://news.bloomberg.com/cart,0
http://microsoft.com@ylewbc-secure.review/login,1
http://microsoft.com@pq85xn-secure.ml/login,1
http://facebook-rggok-svkk.ga/verify.php?id=1fsfqmuuel,1
http://usps.com@lz5kqv-secure.icu/login,1
http://bit.ly/zc0x8og,1
http://binance-update-jq1n.cf/account,1
http://facebook-gi809q-q38q-4rbbn-bk0ucri.cf/verify.php?id=t5fxqp10vw,1
https://who.int/,0
https://www.indeed.com/cart,0
http://amazon.com@fdepcv-secure.loan/login,1
http://36.96.39.126/unlock/0drvcn,1
https://www.wordpress.com,0
http://news.adidas.com/about-us,0
http://131.158.69.122/update/u4nlgv,1
https://app.pinterest.com/about-us,0
https://www.wellsfargo.com/category/fashion,0
http://steamcommunity-password-mfbyng.stream/update,1
https://booking.com/login,0
http://shop.mayoclinic.org/help,0
http://netflix.com.wallet-8yuw.top/,1
https://support.espn.com/products/84895,0
https://shop.facebook.com/about,0
http://rebrand.ly/od31enb,1
http://paypal-9x1e2d-v983jc0-9e6xii-ha6l.gq/wallet.php?id=ciofo0velm,1
http://t.co/2hqaybi,1
https://support.microsoft.com/about-us,0
https://stackoverflow.com/article/year-in-review,0
https://mail.healthline.com/,0
https://cdc.gov/about,0
http://amazon-billing.loan/login,1
http://bankofamerica.com.billing-lzon.date/,1
http://tinyurl.com/kpz0d63,1
http://bankofamerica-ez5lw-dj7n.men/unlock.php?id=aeu4ssvvmy,1
http://amazon.com@5labeu-secure.gq/login,1
https://news.apple.com/help,0
https://linkedin.com/news/how-to-get-started,0
http://outlook-cdimynb-wdz6-7df2elo.gq/billing.php?id=1aj1dabwg5,1
https://www.who.int/news/breaking-news-update,0
http://119.209.20.249/recover/03ab1a,1
http://fedex-suspend.icu/update,1
http://dhl-z50vq-fi8v9g-48i5qx.date/password.php?id=tx3euj8yhj,1
http://who.int/account/settings,0
https://chase.com/support,0
http://apple.com@d2apxe-secure.icu/login,1
http://paypal.com@uesr9e-secure.ga/login,1
http://93.92.154.3/wallet/xha4lv,1
http://230.181.170.166/confirm/8vmr47,1
http://90.228.241.32/verify/orxc44,1
https://mail.yelp.com/about-us,0
http://irs.com@90e497-secure.men/login,1
https://intel.com/blog/guide-2026,0
https://support.github.com/login,0
http://dropbox-399u-hya7u.ml/banking.php?id=k6r92z2a3w,1
https://www.slack.com/about,0
https://support.pinterest.com/products/30200,0
https://support.wellsfargo.com/login,0
http://wellsfargo.com.verify-lvk3.work/,1
https://news.stackoverflow.com/support,0
http://facebook-password-ap70.men/login,1
http://steamcommunity.com.update-js7y.work/,1
https://news.glassdoor.com/help,0
https://namecheap.com/login,0
http://40.245.219.29/webscr/ud51mu,1
https://uber.com/blog/how-to-get-started,0
https://mayoclinic.org/account,0
http://irs.com.banking-bx4t.xyz/,1
http://microsoft-account-hys5.win/login,1
http://cutt.ly/pyzfzj2,1
https://app.wsj.com/help,0
http://paypal-update.icu/signin,1
http://136.227.238.89/banking/56ffjl,1
https://shop.mayoclinic.org/account/settings,0
https://forbes.com/user/19219,0
http://wellsfargo-alert-bwmf.xyz/update,1
https://news.tripadvisor.com/,0
http://office365-fy0lbo-gnzrq5-f78ef-0h5x19b.stream/verify.php?id=1vv87syrwb,1
http://netflix-gutvj-u8ky6e1.men/suspend.php?id=et5syt4dgx,1
https://app.stackoverflow.com/checkout,0
https://mail.salesforce.com/products,0
https://support.twitter.com/article/guide-2026,0
http://dhl-cl7xg33-y7v62c-p5rb9v-0z7i.date/signin.php?id=h36we7gj81,1
http://microsoft.com@v158dn-secure.top/login,1
http://amazon-onvu-jdl7n-j83e7-57skweq.review/secure.php?id=g45ok930e3,1
http://wellsfargo-q6zud-xmrtrt-sdet.tk/webscr.php?id=ez4fiked9y,1
https://bloomberg.com/user/32976,0
http://irs-59u3-ci4cw.cf/signin.php?id=yozrossss2,1
http://mail.webmd.com/about,0
https://app.uber.com/watch?v=ik8238xkexn,0
http://amazon.com.secure-zte8.gq/,1
https://cnn.com/about,0
http://stanford.edu,0
https://news.twitter.com/account,0
http://google.com.alert-jfhm.work/,1
http://dropbox.com.signin-bqmy.date/,1
https://www.airbnb.com/article/breaking-news-update,0
https://wikipedia.org/category/food,0
https://support.nike.com/blog/top-10-tips,0
https://www.salesforce.com/about,0
https://news.medium.com/article/breaking-news-update,0
https://app.nike.com/products/5511,0
http://is.gd/zo1ufs2,1
http://dhl.com.signin-xuce.icu/,1
http://news.nasa.gov/login,0
http://wellsfargo-suspend-j6u9bl57.review/update,1
http://cutt.ly/dxm4exj,1
http://dropbox.com@ydj6lm-secure.review/login,1
http://www.ebay.com/,0
https://www.khanacademy.org/article/expert-review,0
https://app.tripadvisor.com/contact,0
http://goo.gl/u1lqwuy,1
https://mail.mayoclinic.org/category/technology,0
http://facebook.com.suspend-ipm6.click/,1
http://office365-hwif-60ajxz8.top/password.php?id=k65awseb06,1
https://shop.instagram.com/login,0
https://support.coursera.org/blog/breaking-news-update,0
https://yelp.com/account,0
http://binance.com.verify-vjwd.top/,1
http://steamcommunity-q5uj5-nqlops-rypzlv.work/secure.php?id=ynfs7b061d,1
https://adidas.com/account/settings,0
https://stanford.edu/account,0
http://www.samsung.com/products/60244,0
http://netflix.com.login-zn57.icu/,1
https://app.pinterest.com/account,0
https://www.wsj.com/account,0
http://outlook.com@mrolu8-secure.date/login,1
https://www.intel.com/products/19880,0
http://steamcommunity-suspend.work/account,1
http://177.64.239.194/unlock/gcch92,1
http://69.226.74.174/suspend/7wiaut,1
http://dhl.com@qohqz8-secure.work/login,1
http://linkedin-suspend-1m658e.win/update,1
http://binance.com.secure-j610.loan/,1
https://news.indeed.com/search?q=gaming,0
http://facebook-confirm-ahzm.ml/signin,1
https://app.harvard.edu/blog/breaking-news-update,0
https://yelp.com/search?q=food,0
http://bit.ly/qi8uuk5,1
https://shop.paypal.com/account,0
http://netflix.com.alert-2sbj.cf/,1
http://steamcommunity.com@4eif5s-secure.ga/login,1
http://bit.ly/yqmnf8j,1
http://microsoft.com@qjddgb-secure.ga/login,1
https://www.quora.com/about,0
http://news.cnn.com/category/finance,0
http://129.136.77.241/account/vxzsj3,1
https://mail.facebook.com/login,0
http://steamcommunity-update.xyz/account,1
https://news.etsy.com/checkout,0
https://shop.yahoo.com/user/39603,0
http://adobe-k0h2-y11qus.click/banking.php?id=w58uef5hwg,1
http://outlook.com.banking-1zwr.cf/,1
http://usps.com@i47bn9-secure.gq/login,1
http://chase.com@bjbn81-secure.stream/login,1
http://47.182.231.49/update/4hrx1f,1
http://dropbox.com@zv4wv2-secure.cf/login,1
https://app.samsung.com/about-us,0
http://irs-account.men/login,1
http://netflix-rt1e-pf7j5ol.review/update.php?id=or71y3ovqz,1
http://microsoft.com.alert-5065.ga/,1
http://ow.ly/ox931wo,1
https://shop.quora.com/article/how-to-get-started,0
http://office365-yp4i-n11vru-0am1gp-po3am.men/alert.php?id=s1wvpfg5d9,1
http://apple-fh9a-q3mn9x6.tk/confirm.php?id=h029nlklog,1
https://app.reddit.com/article/guide-2026,0
https://webmd.com,0
https://mail.nytimes.com/contact,0
http://microsoft-32p8c1-ox67vn-ns4p.date/secure.php?id=qtyw45kwiq,1
http://outlook-account-jx5z0wee.ml/login,1
http://bankofamerica.com@gieuuf-secure.ga/login,1
https://harvard.edu/products/60015,0
http://rebrand.ly/xeuqdvy,1
https://harvard.edu/account,0
http://usps.com@9hfeoa-secure.ga/login,1
https://support.microsoft.com/help,0
https://bloomberg.com/,0
http://irs.com@lds7go-secure.ga/login,1
https://support.mit.edu,0
https://www.wsj.com/account/settings,0
http://office365.com.wallet-b2xh.win/,1
http://usps.com.unlock-7hrs.click/,1
https://news.forbes.com/products,0
https://support.harvard.edu/blog/how-to-get-started,0
https://mail.walmart.com/account,0
https://shop.coursera.org/category/python,0
https://pinterest.com,0
http://instagram-7qc8c2-wjzxc7-9j4yx6t-c3f4s.work/webscr.php?id=23ku6od97e,1
https://mail.medium.com/blog/breaking-news-update,0
http://adobe-banking-wwpvc0a.tk/update,1
https://app.microsoft.com/article/guide-2026,0
https://support.lyft.com/products,0
http://linkedin-tdd5671-taqea3.click/password.php?id=0m9jtbeprn,1
http://fedex.com@v3gd0q-secure.xyz/login,1
http://office365.com.billing-2y90.gq/,1
https://support.wellsfargo.com/checkout,0
https://mail.airbnb.com/help,0
http://cutt.ly/c4kdte0,1
http://paypal-login-p0di6fgn.stream/signin,1
https://news.bbc.com/account/settings,0
http://paypal-k0c60-e1qiz43-9k1kkp.stream/password.php?id=ulpbq3jklq,1
http://facebook-jzeo-598w40-mq8i3we-jq0h4.ga/recover.php?id=1f2gqn8j0w,1
http://github.com/article/year-in-review,0
http://chase.com.alert-316u.tk/,1
http://wellsfargo.com.update-zgws.click/,1
https://www.samsung.com/about,0
https://www.walmart.com/support,0
http://microsoft-update-8cx9.ml/login,1
http://94.144.238.13/confirm/i0essx,1
http://office365-dzf9wtd-y5xu8c7-9xed3a2-f57u.ml/webscr.php?id=9y61f42q5i,1
https://app.yelp.com/user/31744,0
http://irs.com.banking-97wq.cf/,1
https://www.usa.gov/login,0
http://steamcommunity.com@6n9br0-secure.review/login,1
https://paypal.com/login,0
https://samsung.com/login,0
http://amazon-password-s6w.ga/login,1
http://bankofamerica.com.banking-v868.xyz/,1
http://outlook.com.confirm-6wc4.click/,1
https://walmart.com/article/breaking-news-update,0
http://news.dell.com/support,0
http://fedex-billing-07hf.men/update,1
http://232.97.191.180/recover/8mp5ci,1
http://app.sony.com/watch?v=m4f7a42s5ww,0
http://microsoft-webscr.men/login,1
https://app.quora.com/help,0
http://apple.com@p37ipd-secure.men/login,1
http://facebook.com@elz2r8-secure.icu/login,1
https://www.shopify.com/products,0
http://bit.ly/9xxluim,1
https://airbnb.com/products/81914,0
http://172.229.250.245/account/10s2wj,1
https://app.stanford.edu/news/how-to-get-started,0
http://chase.com@gdiywf-secure.review/login,1
https://www.duolingo.com/products,0
http://cutt.ly/dcr7vqf,1
http://apple-vw6j-hwq1uia-22e4hq-6vvd.click/billing.php?id=vq2q6yhabg,1
http://dhl.com@mtkjbt-secure.icu/login,1
https://news.walmart.com/blog/how-to-get-started,0
https://news.linkedin.com/products/47360,0
https://khanacademy.org/account,0
http://coinbase.com.confirm-em8r.win/,1
http://dropbox-frmvzog-e1zc7-v8dw-93s8d.icu/secure.php?id=dglsq5d6dc,1
https://shop.nasa.gov/products/65122,0
http://office365-aalb30w-to8d8jy.ml/alert.php?id=qi8qbe9rko,1
https://support.squarespace.com/contact,0
http://microsoft.com@klulx3-secure.cf/login,1
https://www.linkedin.com/watch?v=jp6e0ccg3b1,0
https://target.com/blog/product-launch,0
https://www.bestbuy.com/search?q=sports,0
https://support.reuters.com/search?q=technology,0
http://dropbox-unlock-ap1.date/signin,1
https://news.wikipedia.org/user/39867,0
http://ow.ly/7hjyrgj,1
https://nytimes.com/user/93728,0
http://paypal-no5i-n0396-vaad.click/suspend.php?id=er0drxdnop,1
https://citibank.com/support,0
http://irs-webscr-w45.work/login,1
https://news.wix.com/blog/product-launch,0
http://29.213.186.59/webscr/kyques,1
http://amazon.com.update-9rk7.stream/,1
https://news.instagram.com,0
http://amazon-login-iwz9u2o.xyz/update,1
http://coinbase.com.update-53n8.top/,1
http://is.gd/6ai1ttl,1
https://www.dropbox.com/user/53286,0
http://irs-account-pdvvj.work/login,1
https://expedia.com/watch?v=bn9qb1jfegh,0
https://support.webmd.com,0
https://yahoo.com/watch?v=3ov9jydfzdt,0
http://coinbase-unlock-37hbmt6.stream/update,1
https://support.adidas.com/news/product-launch,0
https://who.int/account,0
http://is.gd/cgfknm6,1
http://fedex.com.confirm-hgyg.work/,1
https://samsung.com/about,0
http://google.com@vorlfo-secure.work/login,1
http://bankofamerica-login-x4io.tk/account,1
https://support.ibm.com/search?q=climate,0
http://binance-update-kizf.xyz/login,1
https://bankofamerica.com/user/25246,0
http://www.booking.com/about-us,0
https://ebay.com/account,0
https://news.namecheap.com/products/20281,0
https://mail.bankofamerica.com/about-us,0
https://support.yelp.com/about-us,0
https://www.ibm.com/contact,0
https://support.citibank.com/news/guide-2026,0
http://bankofamerica.com@ob8x1f-secure.men/login,1
http://chase-ww4pwk-yr8if5v.icu/confirm.php?id=vxie87cowk,1
https://www.etsy.com,0
http://87.87.203.8/account/zyhh91,1
https://www.espn.com/products,0
https://cnn.com/search?q=finance,0
https://amazon.com/blog/expert-review,0
https://www.squarespace.com/products/96137,0
https://www.espn.com/search?q=health,0
https://mail.coursera.org/login,0
https://app.bbc.com,0
http://office365.com.verify-dqtt.click/,1
http://tinyurl.com/5nnhshi,1
http://149.83.217.221/webscr/5nxmza,1
https://app.github.com/user/94614,0
http://usps.com@bq85uv-secure.icu/login,1
http://facebook.com@9dtp3n-secure.date/login,1
http://117.180.156.166/signin/5y5i4d,1
https://shop.netflix.com/login,0
https://mit.edu/account,0
https://support.duolingo.com/category/gaming,0
https://salesforce.com/contact,0
http://9.251.201.207/login/1xgeuq,1
https://app.stackoverflow.com/about,0
http://paypal.com.wallet-ssb6.win/,1
https://mail.oracle.com/account,0
https://mit.edu/blog/how-to-get-started,0
https://salesforce.com/article/year-in-review,0
https://mail.adidas.com/account,0
https://www.glassdoor.com/user/29826,0
https://news.google.com/category/climate,0
http://steamcommunity.com.confirm-5ucr.men/,1
https://wix.com/user/19236,0
http://adobe-suspend.top/account,1
https://mail.facebook.com/user/88426,0
http://bit.ly/viawdvi,1
https://shop.duolingo.com/category/science,0
http://paypal-qw7esj7-k6zi-gavjbs.gq/wallet.php?id=e9qyrko0z8,1
https://oracle.com,0
http://microsoft.com@ilijge-secure.gq/login,1
https://app.amazon.com/products,0
http://facebook.com@h50k2t-secure.gq/login,1
https://espn.com/,0
http://223.26.129.54/account/ohgn48,1
http://office365.com@wqxjbz-secure.cf/login,1
https://forbes.com/checkout,0
http://netflix-confirm-syl7l.win/account,1
https://shop.medium.com/search?q=music,0
http://t.co/flyg6d9,1
http://is.gd/179rfqp,1
http://tinyurl.com/kieut3j,1
https://wikipedia.org/support,0
https://www.oracle.com/search?q=finance,0
https://shop.dropbox.com/,0
http://facebook-8wb80-nqx3b4-zzot-tph6.gq/banking.php?id=4gdqozf2jx,1
https://www.citibank.com/blog/how-to-get-started,0
http://bit.ly/zfayg9r,1
https://www.bestbuy.com/about,0
https://youtube.com/news/guide-2026,0
https://mail.wellsfargo.com/contact,0
https://nike.com/account/settings,0
https://www.nytimes.com/account/settings,0
https://news.medium.com,0
https://news.quora.com/watch?v=cd4zyefg5od,0
https://www.who.int/checkout,0
https://harvard.edu/account/settings,0
https://support.glassdoor.com/support,0
http://netflix.com.confirm-cvye.stream/,1
http://cutt.ly/07wvrzl,1
https://www.zoom.us,0
http://175.141.118.12/account/92s9qg,1
https://theguardian.com/help,0
http://245.80.188.51/verify/lx0p85,1
http://outlook-secure.men/account,1
http://office365-kuxp-fxrph.review/update.php?id=28c8cfl1zy,1
https://mail.reddit.com/article/expert-review,0
http://coinbase.com@7e5630-secure.stream/login,1
https://shop.nasa.gov/news/expert-review,0
http://adobe.com@0gayb3-secure.work/login,1
https://shop.paypal.com/checkout,0
https://mail.wordpress.com,0
http://yelp.com/account/settings,0
http://adobe-confirm-c1uv2zx.work/update,1
http://linkedin-account-5ikzwkc.icu/signin,1
https://mail.quora.com/,0
https://app.chase.com/news/breaking-news-update,0
https://www.linkedin.com/account,0
https://news.who.int/products/56371,0
http://irs-account.ga/update,1
http://usps-ietx7-0lp4yk8-tsay.tk/suspend.php?id=c9de1fo92q,1
https://news.khanacademy.org/watch?v=c23ag9xc5re,0
https://linkedin.com/,0
http://paypal.com@dwmejk-secure.men/login,1
http://ow.ly/qzcuz68,1
https://www.espn.com/search?q=climate,0
http://ow.ly/i7g9bsl,1
https://www.mit.edu/help,0
http://google-v03rk3-jyghpo-gkeyux.top/confirm.php?id=75ezm5c2w7,1
http://179.55.222.119/suspend/2xyxub,1
http://120.6.170.106/recover/6q3z0z,1
https://stanford.edu/cart,0
https://expedia.com/category/finance,0
http://bankofamerica.com@8d9m0i-secure.date/login,1
https://app.netflix.com/blog/guide-2026,0
http://wellsfargo-unlock-r8qgoew2.gq/signin,1
https://microsoft.com/search?q=music,0
http://dropbox.com.alert-m3ag.gq/,1
https://app.glassdoor.com/account,0
https://who.int/help,0
http://support.wikipedia.org/checkout,0
http://bankofamerica-h6ip6c-rb218x2-myzj-vngjd.tk/login.php?id=ujudsh1bsr,1
http://is.gd/94f7ba0,1
http://steamcommunity-alert.loan/signin,1
http://wellsfargo.com.update-vqzs.cf/,1
http://chase-qz2dt-tt4mut-kuc8ml.stream/recover.php?id=slq99af38q,1
https://quora.com/,0
https://www.airbnb.com/support,0
https://www.reddit.com,0
https://shop.wordpress.com/blog/expert-review,0
https://news.zoom.us/contact,0
https://shop.instagram.com/user/57677,0
http://6.203.132.38/banking/tttdoi,1
https://www.shopify.com/category/climate,0
https://shopify.com/help,0
http://wellsfargo-aqg53sr-7cxdw.work/webscr.php?id=tviro3nhss,1
http://77.29.163.250/alert/p9lakn,1
https://stanford.edu,0
https://www.walmart.com/account/settings,0
http://adobe.com@1vl6c3-secure.click/login,1
http://fedex.com@vbuqiq-secure.cf/login,1
http://coinbase-ykxgxv-0fhl.stream/signin.php?id=bfhyh0nuqp,1
http://app.intel.com/login,0
https://www.adidas.com/article/product-launch,0
http://linkedin.com@f01svb-secure.icu/login,1
http://dhl-xdp88-kn64c-4aet38-1erdn.icu/recover.php?id=9hb82cm04j,1
https://support.theguardian.com/account,0
http://app.udemy.com/about-us,0
https://www.netflix.com/cart,0
http://tinyurl.com/5i30484,1
http://usps.com.secure-iine.click/,1
https://mail.twitter.com/,0
https://shop.tripadvisor.com/about,0
https://www.wikipedia.org/watch?v=hh3o5urtxuy,0
http://216.44.88.77/update/91uxzp,1
http://rebrand.ly/kci5xww,1
http://shop.mit.edu/products/65106,0
http://tinyurl.com/9kt9ez2,1
https://www.yelp.com/about-us,0
https://www.wellsfargo.com/user/24159,0
http://235.231.18.49/banking/cddoik,1
http://dhl.com@44c9li-secure.cf/login,1
http://usps.com@mchikj-secure.review/login,1
http://binance-unlock.review/signin,1
http://netflix-recover.stream/account,1
https://www.wsj.com/login,0
http://ow.ly/etyf95a,1
https://www.etsy.com/account,0
http://fedex.com@twbarq-secure.men/login,1
http://ow.ly/83mi4ib,1
https://news.indeed.com,0
http://cutt.ly/uvhsdux,1
http://facebook-signin.loan/signin,1
http://dhl.com.login-5dlo.tk/,1
http://176.92.75.21/webscr/jaymax,1
http://amazon.com@l6wxe6-secure.tk/login,1
http://usps-update-clayp.click/account,1
http://apple-verify.work/signin,1
https://ibm.com/support,0
https://www.webmd.com/category/food,0
http://84.62.108.117/signin/xgohmq,1
http://chase-suspend-qe32v.cf/update,1
http://microsoft-webscr-ldg4hsjv.stream/signin,1
http://adobe-gxyala-8rzks77.xyz/account.php?id=13w1zbyibi,1
http://155.148.110.130/password/sh1z97,1
https://support.google.com/category/gaming,0
https://reddit.com/support,0
https://news.twitch.tv/blog/product-launch,0
https://support.oracle.com/user/70117,0
https://support.reddit.com/cart,0
https://mail.facebook.com/about-us,0
https://app.cisco.com/news/top-10-tips,0
https://app.udemy.com/watch?v=5p1v3zo7utx,0
http://coinbase-signin.ml/update,1
http://apple-secure.date/signin,1
https://mail.facebook.com/watch?v=xpwnua6tdxj,0
https://adobe.com/user/14130,0
http://office365.com@jqz1ph-secure.review/login,1
http://linkedin-jeixvxb-dmr6so-67hhf-bs3vopp.work/suspend.php?id=33jcn6cyo5,1
https://shop.nasa.gov/support,0
https://bloomberg.com/about-us,0
http://outlook-unlock.cf/account,1
https://irs.gov/search?q=music,0
https://app.nasa.gov/search?q=technology,0
http://241.108.221.181/billing/pak2d2,1
http://coinbase.com@7kuuet-secure.review/login,1
https://www.samsung.com/category/science,0
http://adobe-unlock.loan/account,1
http://bankofamerica-signin-uzux8.work/account,1
https://mail.youtube.com/help,0
http://fedex-account-zyq9ow.icu/login,1
http://paypal.com.password-xep5.icu/,1
http://wellsfargo.com@695r4f-secure.work/login,1
https://support.godaddy.com,0
https://www.cnn.com/search?q=music,0
https://mail.webmd.com/products,0
https://app.dell.com/about,0
https://godaddy.com/contact,0
http://bankofamerica-owmwg-ooxa8rn-iagf9a-yxaqa.stream/update.php?id=uih2jyhrqg,1
http://support.pinterest.com/support,0
https://shop.healthline.com/contact,0
https://www.dell.com/products,0
https://paypal.com,0
http://tinyurl.com/9l660nf,1
http://apple.com.suspend-bnwd.review/,1
http://dhl-password-mvf.ml/update,1
https://www.ebay.com/support,0
http://tinyurl.com/6yra65e,1
https://www.mayoclinic.org/blog/year-in-review,0
https://irs.gov/about,0
https://stanford.edu/category/python,0
https://www.cisco.com/account,0
http://netflix.com.login-jkub.cf/,1
https://news.bloomberg.com/search?q=health,0
https://cnn.com/about-us,0
http://www.github.com/account,0
http://news.chase.com/user/76217,0
https://www.shopify.com/cart,0
https://oracle.com/article/breaking-news-update,0
http://mail.harvard.edu/category/technology,0
https://www.apple.com/user/10956,0
http://26.68.250.33/confirm/oie00e,1
http://dropbox-r1y9-bb5b-oblxbv-6tomatv.cf/signin.php?id=qwe12iugvf,1
http://instagram.com@q9sdln-secure.work/login,1
https://www.wikipedia.org/search?q=finance,0
https://www.twitch.tv/about,0
https://app.walmart.com/,0
http://shopify.com/user/93484,0
http://66.92.181.133/login/98p7pa,1
https://www.reddit.com/products/78752,0
http://bankofamerica-2ahoz-9owslk.work/wallet.php?id=plzte44rwu,1
http://binance.com@24pzev-secure.gq/login,1
https://mail.nike.com/news/guide-2026,0
http://chase-secure.ga/login,1
http://steamcommunity-suspend-8x7p.loan/signin,1
http://bankofamerica.com.wallet-ie68.ga/,1
https://news.indeed.com/about-us,0
https://news.godaddy.com/user/66158,0
https://booking.com/article/product-launch,0
https://mail.wsj.com/products,0
http://binance.com@8u3pfz-secure.loan/login,1
https://www.spotify.com/login,0
http://microsoft.com.update-ya68.stream/,1
https://www.wellsfargo.com/search?q=gaming,0
https://adidas.com/about-us,0
https://support.mit.edu/category/finance,0
http://outlook.com@dr8adg-secure.date/login,1
http://netflix.com.update-mqd9.men/,1
https://shop.netflix.com/user/52790,0
https://news.target.com/category/travel,0
http://wellsfargo-qhgbvsz-n197m-h0hkrq.loan/alert.php?id=h5zp9mf5pm,1
https://news.theguardian.com/article/how-to-get-started,0
http://netflix.com@5afoz8-secure.top/login,1
http://adobe.com@d9qdak-secure.stream/login,1
http://t.co/vnmixwg,1
https://www.lyft.com/article/expert-review,0
https://app.ibm.com/user/74906,0
http://64.183.205.177/alert/u3lnpc,1
http://dhl-yrj55vf-m5qm2j-pki4-bvq4rk.loan/recover.php?id=pvckjmxcmh,1
https://app.reuters.com/account,0
https://wikipedia.org/search?q=python,0
http://usps-account.work/signin,1
https://www.mayoclinic.org,0
http://tinyurl.com/e54ibth,1
https://app.wellsfargo.com,0
http://dropbox.com@9jd4mk-secure.work/login,1
http://bankofamerica-2ioi-svptr8j-5y69-g6ca.ml/signin.php?id=z16bluji2z,1
http://netflix.com.billing-gbif.men/,1
https://mail.sony.com/about-us,0
http://dhl.com.banking-80k5.loan/,1
http://cutt.ly/e5k1r2t,1
https://www.walmart.com/contact,0
https://shop.glassdoor.com/account/settings,0
http://193.86.241.43/update/k1ym2j,1
http://instagram.com@a1g0r6-secure.loan/login,1
https://mail.cdc.gov/search?q=sports,0
https://news.reddit.com/contact,0
https://shop.stanford.edu/about,0
https://mail.stanford.edu/blog/product-launch,0
http://33.211.63.130/account/mklhgx,1
http://fedex-ccyyi-fvhd-mwy67m-yymi.tk/unlock.php?id=upm81nziey,1
http://irs.com.verify-s08v.ml/,1
http://bankofamerica-ctay-9f3u4l-pvg9-bztx.review/wallet.php?id=j2vhw4anxr,1
http://bankofamerica-cokq-41zu4j-969m8fs.top/webscr.php?id=3nrqzxe3p3,1
https://shopify.com/products/36605,0
https://support.citibank.com/watch?v=rw6tm2o04k0,0
http://126.96.16.110/signin/oumu4y,1
http://156.254.70.191/login/gnvygi,1
http://harvard.edu/article/product-launch,0
https://app.wordpress.com/checkout,0
https://www.paypal.com/search?q=fashion,0
https://news.nytimes.com/about,0
http://linkedin-1r71-41169g8-1mplrp.work/suspend.php?id=6lr0lu57bq,1
https://www.salesforce.com/article/expert-review,0
http://209.22.50.230/unlock/wrbodd,1
https://news.yelp.com/,0
https://harvard.edu/article/year-in-review,0
http://fedex.com.verify-pwn4.ga/,1
https://support.uber.com/blog/breaking-news-update,0
https://mail.ebay.com/about-us,0
http://usps-2urq-hguicy-clo2.top/account.php?id=wrz3xccpl8,1
https://www.usa.gov/account,0
https://www.medium.com/products/51420,0
https://yelp.com/contact,0
http://140.119.225.185/webscr/muchv5,1
https://indeed.com/support,0
http://google-update.work/account,1
http://mayoclinic.org/contact,0
http://is.gd/14jponz,1
https://booking.com/about-us,0
http://office365.com@285k8f-secure.click/login,1
http://office365-9w772-bzqy.gq/recover.php?id=7n2leyuko6,1
https://shop.twitch.tv/watch?v=2wbake2dcq8,0
http://wellsfargo-confirm.ml/signin,1
https://target.com/account/settings,0
http://google.com.password-287y.loan/,1
http://240.62.61.244/verify/are104,1
https://espn.com/checkout,0
http://chase.com@6dlmfb-secure.xyz/login,1
http://microsoft-wwill3-3kjjp.stream/unlock.php?id=uicc1efc5t,1
http://bankofamerica.com.banking-14u6.top/,1
http://86.77.72.3/confirm/rk761j,1
http://18.207.9.236/update/khv09a,1
https://support.wix.com,0
http://ow.ly/82crg7a,1
https://bbc.com/contact,0
http://paypal-account.ga/login,1
https://www.netflix.com/user/49974,0
https://www.udemy.com/account/settings,0
https://support.udemy.com/account/settings,0
https://facebook.com/cart,0
https://shop.glassdoor.com/login,0
https://chase.com/account/settings,0
http://fedex.com.suspend-rhd5.tk/,1
http://irs.com.alert-4i07.loan/,1
https://www.adobe.com,0
http://instagram.com.wallet-qk2p.ml/,1
https://www.mayoclinic.org/help,0
https://shop.glassdoor.com/contact,0
https://support.amazon.com/blog/year-in-review,0
http://227.194.150.91/secure/fp9uob,1
http://105.214.242.89/suspend/kd9847,1
https://app.instagram.com,0
https://www.coursera.org/account,0
https://www.hp.com/contact,0
http://goo.gl/5ikzn44,1
http://wix.com/account,0
https://shop.nasa.gov/account,0
https://target.com/category/science,0
https://walmart.com/about,0
http://netflix.com.verify-sapp.loan/,1
http://dropbox.com.login-hugt.xyz/,1
https://mail.intel.com/search?q=technology,0
https://www.usa.gov/news/year-in-review,0
http://cutt.ly/ita84dq,1
https://www.nytimes.com/products,0
https://mit.edu/user/41974,0
http://fedex-alert.ml/login,1
https://theguardian.com/contact,0
http://dhl-signin.work/signin,1
https://mail.tripadvisor.com/account,0
http://134.213.29.105/account/ci9uy0,1
http://115.227.212.43/signin/tyobtp,1
http://fedex-suspend.ml/signin,1
https://irs.gov/news/top-10-tips,0
https://mail.slack.com/,0
https://app.wikipedia.org/about,0
http://adobe.com.alert-ej5x.loan/,1
http://outlook.com@w4hn86-secure.top/login,1
http://108.187.29.179/update/aztvk7,1
https://www.coursera.org/article/top-10-tips,0
https://slack.com/account/settings,0
http://amazon-update-8le8.stream/account,1
http://facebook.com@w19hru-secure.win/login,1
http://google.com.banking-snnp.date/,1
http://amazon-sz63-zu2wc65-q56s1l2.top/secure.php?id=ygvye4p4vp,1
https://facebook.com/login,0
https://mail.duolingo.com/watch?v=d9gao4h86dd,0
http://dhl.com@22ajxf-secure.date/login,1
http://instagram-awjgew-6l8zg6-n9fo80.date/unlock.php?id=5man7knmsh,1
https://nytimes.com/checkout,0
http://adobe-alert-075.tk/account,1
https://irs.gov/search?q=science,0
https://support.etsy.com/article/product-launch,0
https://news.chase.com/account/settings,0
http://bankofamerica.com@l8ypyr-secure.work/login,1
http://paypal-wallet-n6sery.ml/signin,1
http://microsoft-eicky-w49u.review/recover.php?id=i96aztikvi,1
http://cutt.ly/jjy8vyq,1
https://news.bbc.com/blog/product-launch,0
http://ow.ly/0yn4o5u,1
https://expedia.com/category/gaming,0
http://141.68.111.23/unlock/wakgup,1
http://coinbase-mw7b4-ldkftsc.click/banking.php?id=7z5rx7rww4,1
http://google.com.login-sarv.stream/,1
https://intel.com/account,0
http://facebook-banking.work/update,1
https://microsoft.com/products,0
http://google.com.verify-ix9d.stream/,1
https://stanford.edu/about-us,0
https://www.lyft.com/news/expert-review,0
http://goo.gl/vjl3bx7,1
http://65.209.51.32/billing/3a8mbt,1
http://amazon.com.webscr-kmb3.work/,1
http://mail.microsoft.com/search?q=technology,0
http://outlook-89uxbu-02h7ab6.loan/password.php?id=y3f61py75w,1
https://wordpress.com/about-us,0
http://apple.com.login-vvi2.men/,1
https://app.netflix.com/account,0
https://news.cdc.gov/help,0
http://office365-p8rrrz1-u9hn0-kdvac3w-7g8iv.men/update.php?id=8s2hjknhv4,1
https://netflix.com/category/gaming,0
https://support.theguardian.com/products/22034,0
http://wellsfargo-d9e93-dgxja6y-eurz.review/secure.php?id=tmxgu8j9tr,1
https://mail.walmart.com/watch?v=wxoatmzh93x,0
https://app.expedia.com/login,0
http://google-alert.men/account,1
https://dropbox.com/support,0
http://66.230.66.15/unlock/nf7rqc,1
http://chase.com@0h74is-secure.ga/login,1
https://shop.godaddy.com/login,0
https://www.stanford.edu/account,0
https://www.instagram.com/contact,0
https://mail.coursera.org/search?q=technology,0
http://irs-qd6yn5g-ce98nf-zu88hl-tf7g2qe.icu/signin.php?id=xsccksb1tp,1
http://linkedin.com@o9mawo-secure.cf/login,1
http://ow.ly/2u4sjz1,1
http://linkedin.com@jjc75t-secure.click/login,1
http://paypal.com@o665as-secure.loan/login,1
https://www.github.com/category/music,0
https://app.mit.edu/search?q=food,0
https://stackoverflow.com/blog/expert-review,0
https://news.walmart.com/about-us,0
https://yelp.com/category/fashion,0
http://t.co/x0tmn18,1
http://wellsfargo.com.alert-26xf.stream/,1
https://mail.adobe.com/account/settings,0
https://www.stanford.edu/user/91243,0
https://shop.citibank.com,0
https://uber.com/search?q=python,0
https://app.tripadvisor.com/help,0
https://www.twitter.com/login,0
http://www.cdc.gov/blog/expert-review,0
http://tinyurl.com/3lq28qa,1
https://shop.citibank.com/search?q=fashion,0
https://wix.com/login,0
http://is.gd/rrfvsxc,1
http://bit.ly/e7ag8yk,1
http://office365.com@6wpgk9-secure.gq/login,1
http://microsoft-wallet-op6xsa8.stream/signin,1
https://instagram.com/checkout,0
https://shop.godaddy.com/contact,0
https://news.bbc.com,0
https://cdc.gov/cart,0
https://adobe.com/search?q=food,0
https://news.target.com/watch?v=gzgxoiyfoy0,0
http://bit.ly/hb0jeos,1
http://161.93.231.78/secure/0qctmm,1
https://www.zoom.us/article/how-to-get-started,0
http://bankofamerica-webscr.top/login,1
http://tinyurl.com/aghwlgq,1
https://shop.google.com/about,0
http://adobe-fcpdijz-9onva-ooty.cf/banking.php?id=pof1f94t5y,1
http://39.160.106.89/signin/1wuvwk,1
https://shop.instagram.com/checkout,0
http://instagram-update.ml/account,1
http://instagram.com@dkvihi-secure.ga/login,1
https://duolingo.com/user/69356,0
http://chase.com@jpqohb-secure.tk/login,1
https://www.wsj.com/cart,0
https://support.duolingo.com/contact,0
https://sony.com/watch?v=c0z7q0i9bl1,0
https://www.intel.com/blog/expert-review,0
https://wsj.com/,0
https://www.irs.gov/contact,0
https://www.reddit.com/account/settings,0
http://outlook-login-u0eui4c.date/account,1
https://shop.pinterest.com/,0
https://zoom.us/blog/product-launch,0
http://coinbase-2py34x-s3mgvvl-3gxk.click/wallet.php?id=s9eru0v8e0,1
https://shop.bloomberg.com/about-us,0
http://bankofamerica-nc9nxa-35g0ah.gq/password.php?id=tnu73yskhy,1
http://facebook-w0sqgov-chaqpk-qzzgus8.review/recover.php?id=ed5rb8mgbc,1
http://127.99.244.214/wallet/upx7wn,1
http://google.com.unlock-7kvc.cf/,1
http://paypal-wallet.xyz/update,1
https://www.etsy.com/help,0
http://usps-billing-xm6ioxrh.stream/account,1
http://220.208.149.198/alert/gaizrr,1
https://www.wikipedia.org/contact,0
http://wellsfargo.com@ezgi6j-secure.click/login,1
http://facebook-wallet-z41eg.stream/signin,1
https://app.amazon.com/news/top-10-tips,0
http://coinbase-login-31r4.click/update,1
http://dropbox.com.update-5rbv.xyz/,1
https://mail.youtube.com/products/60133,0
http://microsoft-nv1vm2-zv5u7-hruszvd-6t5eswx.tk/secure.php?id=ei2v57hdij,1
http://binance.com.billing-3fe8.work/,1
http://ow.ly/ohax2ff,1
http://outlook-9pg2i-270a0w-x07v4.men/confirm.php?id=5nyq3yhgml,1
https://shop.amazon.com/contact,0
https://news.pinterest.com,0
http://goo.gl/xgjo1k3,1
https://paypal.com/products,0
https://mail.godaddy.com/contact,0
https://mail.webmd.com/cart,0
https://twitter.com/about,0
https://www.stanford.edu/article/top-10-tips,0
https://support.citibank.com/category/health,0
https://support.bankofamerica.com/account,0
https://mail.yahoo.com/support,0
http://netflix-secure.review/signin,1
http://222.254.55.63/confirm/ld2t8y,1
https://support.pinterest.com/cart,0
http://google.com@8qcnxh-secure.win/login,1
http://bit.ly/r29ifdv,1
https://app.walmart.com/account/settings,0
https://dell.com/news/how-to-get-started,0
https://support.expedia.com/article/guide-2026,0
https://www.tripadvisor.com/,0
http://dhl.com@dfmmev-secure.ga/login,1
https://app.salesforce.com/cart,0
http://google.com@jyvw8v-secure.xyz/login,1
https://www.coursera.org,0
http://netflix-4rhb-wnze9gh-hp4c3fx-lbqm.ml/unlock.php?id=4f1xnvb215,1
http://steamcommunity.com.suspend-92p2.gq/,1
https://www.booking.com/checkout,0
https://mail.theguardian.com/help,0
https://mail.etsy.com/account/settings,0
http://dhl-4kyxc-iz5g-vt5322.cf/webscr.php?id=vprt6iq4d7,1
http://dropbox-confirm.top/login,1
https://shop.facebook.com/blog/product-launch,0
http://is.gd/voc7p2f,1
https://news.linkedin.com/about,0
http://coinbase.com@t7nmwn-secure.icu/login,1
http://instagram.com@hek99l-secure.xyz/login,1
http://62.161.137.153/password/cniv1g,1
https://pinterest.com/account,0
https://www.microsoft.com/user/42655,0
https://news.walmart.com/watch?v=hvnkvonnlha,0
http://wellsfargo.com@usb1mw-secure.icu/login,1
http://paypal-wallet-tsuh8az.icu/update,1
http://chase.com@ug7lvv-secure.ga/login,1
https://airbnb.com/news/year-in-review,0
http://support.microsoft.com/account,0
http://fedex-v1t4d-83jsx-qttw.loan/billing.php?id=bqiu7w7gse,1
http://outlook.com@7a1gqe-secure.gq/login,1
https://www.stanford.edu/products/63227,0
https://www.cisco.com/about,0
https://www.bestbuy.com/about-us,0
http://goo.gl/3dngv39,1
https://mayoclinic.org/help,0
https://slack.com/category/sports,0
https://support.wellsfargo.com/watch?v=jrnamz6146v,0
https://stackoverflow.com/products/68513,0
https://mail.netflix.com/watch?v=tnkziy75itd,0
https://www.adobe.com/products/52782,0
https://news.medium.com/about,0
http://microsoft.com.password-cp6o.ml/,1
http://rebrand.ly/r8vsquu,1
https://news.adobe.com/search?q=science,0
http://coinbase-banking-9iweusn.stream/update,1
http://95.182.5.58/billing/le6olr,1
http://apple.com.login-a9yz.work/,1
http://cutt.ly/q93ypgu,1
https://nytimes.com/search?q=gaming,0
https://www.webmd.com/contact,0
http://coinbase.com.webscr-ffmo.ml/,1
http://cutt.ly/g6giusw,1
http://goo.gl/qm19iwb,1
https://cdc.gov/about-us,0
https://www.indeed.com/help,0
http://is.gd/ib7c00f,1
https://wordpress.com/,0
https://www.dell.com/support,0
https://mail.coursera.org/support,0
https://www.theguardian.com/cart,0
https://www.slack.com/category/climate,0
http://143.174.89.129/billing/egg2m4,1
http://170.138.194.60/password/0e8n71,1
http://ow.ly/bt3o68c,1
https://mail.microsoft.com/blog/top-10-tips,0
https://shop.wikipedia.org/support,0
https://forbes.com/blog/year-in-review,0
http://bit.ly/rurd86d,1
https://shop.ebay.com/about-us,0
http://is.gd/qx5fix1,1
http://apple-h14u7-0wzma.ga/confirm.php?id=vvyefaip0l,1
http://facebook.com@4emnb3-secure.click/login,1
http://google-m1g0e-h0e8bca-o6zd87r-zxqt9ms.ml/billing.php?id=w5qudkvq84,1
https://www.samsung.com/category/music,0
https://duolingo.com/watch?v=pw8zw7nhpgj,0
https://www.wikipedia.org/login,0
https://news.sony.com/support,0
https://www.pinterest.com/user/88705,0
https://news.nasa.gov/login,0
http://coinbase-signin-dcgim8z.ml/account,1
https://shop.mit.edu/products,0
http://usps.com.webscr-7iw6.date/,1
http://124.210.229.149/recover/w5a50y,1
https://sony.com/account,0
http://bankofamerica-login.xyz/login,1
http://usps-rwnie7-vl5b-6ob3db2.review/recover.php?id=ohff8p5l2z,1
https://espn.com/account,0
http://linkedin.com@q0iw3d-secure.top/login,1
http://rebrand.ly/l4at6to,1
http://bit.ly/ccs4v63,1
http://usa.gov/contact,0
https://shop.amazon.com/products,0
http://bankofamerica.com@exas2r-secure.icu/login,1
https://support.adidas.com/contact,0
https://www.coursera.org/account/settings,0
https://news.wordpress.com/blog/expert-review,0
http://outlook.com.alert-2vkc.icu/,1
https://support.cisco.com/,0
https://news.nytimes.com/account/settings,0
https://netflix.com/article/how-to-get-started,0
http://fedex-unlock-jo2cuqf.gq/account,1
http://cutt.ly/9dyerxt,1
https://app.citibank.com/account/settings,0
http://is.gd/6ydycvs,1
http://netflix.com.verify-ktvm.tk/,1
https://www.pinterest.com/login,0
https://app.yelp.com/products/25445,0
https://shop.bloomberg.com/user/4553,0
https://oracle.com/contact,0
https://yelp.com/cart,0
https://intel.com/cart,0
http://dropbox-update.men/account,1
https://bankofamerica.com/support,0
http://tinyurl.com/zt9mbth,1
http://apple.com@1c2g0r-secure.date/login,1
https://www.yelp.com/products,0
https://www.wsj.com/support,0
https://yelp.com/category/music,0
http://outlook.com@ilq43v-secure.cf/login,1
http://goo.gl/qqydnw8,1
https://www.adobe.com/account/settings,0
https://mail.squarespace.com/search?q=gaming,0
https://news.lyft.com/search?q=climate,0
http://netflix-password.tk/login,1
https://www.medium.com/about,0
https://www.quora.com/blog/expert-review,0
http://69.209.96.201/account/ovj625,1
https://shop.shopify.com/blog/year-in-review,0
http://cutt.ly/atfd0j0,1
http://amazon.com@d48p6e-secure.click/login,1
http://rebrand.ly/71hessw,1
http://binance.com@70rpp4-secure.xyz/login,1
https://salesforce.com/search?q=finance,0
http://t.co/jdqymae,1
http://wellsfargo.com@cysy8l-secure.review/login,1
https://shop.irs.gov/watch?v=6aw0ewayaj5,0
http://steamcommunity-banking.cf/signin,1
http://google.com@khwui3-secure.loan/login,1
http://netflix-update-35mr83de.ga/login,1
https://app.twitch.tv/checkout,0
https://news.etsy.com/blog/expert-review,0
https://duolingo.com/user/38739,0
https://news.udemy.com/checkout,0
http://usps.com@9iwzgk-secure.review/login,1
http://wellsfargo.com.login-at6r.stream/,1
http://wellsfargo.com@076x6h-secure.date/login,1
http://microsoft.com.confirm-gnql.top/,1
http://bit.ly/b0obtgu,1
https://www.nytimes.com/watch?v=k5ogz2ueaxy,0
https://shop.usa.gov/about-us,0
http://linkedin-webscr.click/account,1
http://adidas.com/help,0
https://samsung.com/about-us,0
https://www.mayoclinic.org/contact,0
http://support.booking.com/user/78168,0
https://www.twitch.tv/account/settings,0
https://app.healthline.com/support,0
http://apple-xf1geh-rh3l7ty-wdv5qi-so2ufz.top/password.php?id=iyhosdqe3n,1
http://netflix-billing.cf/signin,1
https://news.khanacademy.org/watch?v=li8cxu1cxx3,0
https://www.khanacademy.org/category/technology,0
http://outlook-verify-nqqa4p.top/login,1
http://fedex.com.suspend-lw87.win/,1
http://irs.com.banking-8pnd.loan/,1
http://wellsfargo.com@02wrsh-secure.icu/login,1
https://www.intel.com/watch?v=gvbmqq749q6,0
https://sony.com/checkout,0
https://mail.espn.com/support,0
http://mail.nike.com,0
https://www.linkedin.com/article/expert-review,0
http://usps-mexf32-jy1i-humvlv-qfac.tk/alert.php?id=zw3s2rn6bm,1
http://119.138.108.209/alert/czbamd,1
http://goo.gl/uxy8zlz,1
https://wsj.com/cart,0
http://187.251.129.186/recover/745ugs,1
http://binance.com.login-ae3m.work/,1
https://news.harvard.edu/account/settings,0
https://www.forbes.com/blog/expert-review,0
http://linkedin.com@doj4w8-secure.win/login,1
https://espn.com/news/how-to-get-started,0
https://linkedin.com/login,0
https://support.namecheap.com/news/breaking-news-update,0
https://support.bbc.com/products,0
https://app.twitch.tv/support,0
https://app.nasa.gov/login,0
http://steamcommunity.com.unlock-f1h0.men/,1
http://apple-tnoog-puc4at.loan/recover.php?id=5thy17bkj7,1
http://facebook-2f1vf-5lkhj-49m5-avwr5t9.ml/unlock.php?id=xp092hmy63,1
http://t.co/16zfffk,1
https://shop.pinterest.com/news/breaking-news-update,0
http://steamcommunity-yjyj-21rn2-mmlfk3c-p8z5d5e.review/signin.php?id=sc74c5ai43,1
http://irs.com.suspend-wwrj.stream/,1
https://pinterest.com/search?q=technology,0
https://support.facebook.com/products/95519,0
http://253.129.166.243/banking/plwq1q,1
https://www.udemy.com/checkout,0
http://dropbox-dhtb7k-a7yrmg-7p4b.review/billing.php?id=b40kweyaqd,1
http://dhl-update.gq/signin,1
http://68.29.91.203/update/s0s5k1,1
http://facebook.com.webscr-6s83.ml/,1
https://www.medium.com/watch?v=t5q5173c7q2,0
https://pinterest.com/about,0
https://mail.google.com/blog/expert-review,0
http://linkedin.com@jypm7u-secure.win/login,1
http://chase.com.alert-kgpp.tk/,1
http://microsoft.com@1ntepq-secure.icu/login,1
http://irs-recover.xyz/signin,1
http://binance.com.webscr-0e3s.win/,1
https://shop.lyft.com/category/music,0
https://mail.yelp.com/login,0
http://93.99.176.108/account/gt71k4,1
https://app.forbes.com/about-us,0
https://microsoft.com/about-us,0
http://dhl-mr1f-9ti8-i7b15t.top/billing.php?id=5mg9d80a78,1
http://outlook.com.unlock-j087.win/,1
http://facebook-qs8c-javye.win/password.php?id=accdzzc5a8,1
http://252.116.152.108/account/agejdi,1
http://rebrand.ly/7sggvc4,1
http://rebrand.ly/o0ss35a,1
http://steamcommunity.com.signin-rxtj.gq/,1
https://mail.airbnb.com/account/settings,0
https://support.shopify.com/category/music,0
http://coinbase.com.wallet-d3zt.xyz/,1
http://facebook-4qiag-6um60xp.win/billing.php?id=nnjstez7sb,1
https://mail.godaddy.com/account,0
http://wellsfargo-z9pat-hkfycc-3ltdf-n1meuw.xyz/login.php?id=5seaddu8l7,1
http://chase.com.recover-pixd.men/,1
http://135.57.158.55/billing/r6e1pe,1
http://binance.com.password-zivp.tk/,1
http://dropbox-banking-e4fg.click/update,1
http://news.nike.com/login,0
http://app.twitter.com/blog/product-launch,0
http://netflix-pw1v-adb5.review/signin.php?id=en6q2g9on2,1
http://bankofamerica-update.review/signin,1
http://bankofamerica-2o8m-4c3pvs.xyz/recover.php?id=ua8qza9gl4,1
http://adobe-suspend.icu/account,1
https://shop.zoom.us/login,0
http://google-signin.stream/signin,1
https://support.wellsfargo.com/blog/how-to-get-started,0
https://chase.com/user/34008,0
https://glassdoor.com/user/55082,0
https://support.mayoclinic.org/products,0
http://apple.com@gyul20-secure.date/login,1
http://tinyurl.com/zrrjk5a,1
http://69.195.77.100/banking/c0y2yb,1
https://news.udemy.com/blog/breaking-news-update,0
http://bankofamerica.com@kz96u4-secure.ga/login,1
http://247.148.183.24/banking/ksov90,1
https://www.quora.com/help,0
http://rebrand.ly/nik2ink,1
http://bankofamerica.com@am1mc4-secure.work/login,1
https://support.microsoft.com/category/travel,0
http://cutt.ly/dnfsozt,1
http://adobe.com@05ho2c-secure.work/login,1
https://www.oracle.com/category/music,0
https://support.expedia.com/login,0
https://walmart.com/,0
https://mail.samsung.com/blog/top-10-tips,0
https://bbc.com/support,0
https://dell.com/products,0
https://app.cdc.gov/news/product-launch,0
https://www.reddit.com/products,0
http://ow.ly/dmgs9hd,1
http://t.co/gcj7ln2,1
http://irs-wb0l-l5k7-3ypoe-ao58jf.click/secure.php?id=pr3uhgfai4,1
https://lyft.com/watch?v=i31physvkue,0
https://support.netflix.com/watch?v=ev1rdnf4x13,0
https://intel.com/about-us,0
https://support.udemy.com/contact,0
https://www.chase.com/,0
http://t.co/r1x0dha,1
http://adobe-d0gr-snuowcd.cf/billing.php?id=5tageb98ha,1
https://duolingo.com/category/technology,0
https://nytimes.com/products/22183,0
https://news.medium.com/contact,0
http://63.216.235.129/secure/dxfvue,1
https://mail.stackoverflow.com/support,0
http://tinyurl.com/w2zzs7c,1
https://indeed.com/account,0
http://apple-75gbot-gsh4v-tv7k5-fcr5l.xyz/password.php?id=wqolf43ywl,1
https://news.stackoverflow.com/user/45125,0
https://mail.indeed.com/login,0
http://wellsfargo.com@i9sr88-secure.icu/login,1
http://coinbase-echg74-t5egcj.tk/password.php?id=80qfewleg1,1
https://amazon.com/watch?v=o9ubc1kkr2a,0
http://adobe.com.password-gtuf.stream/,1
http://coinbase.com.wallet-9ymj.work/,1
http://171.77.199.125/wallet/9l29ld,1
https://cdc.gov/article/top-10-tips,0
https://airbnb.com/account/settings,0
http://netflix-wallet-c21.work/signin,1
https://www.reuters.com/blog/year-in-review,0
http://t.co/sdpls9e,1
http://steamcommunity-secure-zjniu.review/account,1
http://outlook-erdqez-awdrw6f-8zuih.xyz/signin.php?id=cnmg14zz9z,1
https://www.github.com/user/40661,0
http://bankofamerica.com.account-yfe4.ml/,1
https://mail.cnn.com/category/gaming,0
https://support.cdc.gov/checkout,0
http://wellsfargo-dh9msv7-rhzv-5u8yl9i-og6hvog.date/webscr.php?id=itqlaygk4m,1
http://netflix.com@34gu5z-secure.ga/login,1
http://irs-signin.win/update,1
http://microsoft-recover-h2sq.work/signin,1
http://coinbase.com.unlock-x7sa.cf/,1
https://support.stackoverflow.com/article/product-launch,0
http://wellsfargo.com.wallet-s5s6.review/,1
https://nike.com/category/food,0
https://support.uber.com/checkout,0
https://www.mit.edu/account,0
https://news.squarespace.com/cart,0
https://etsy.com/watch?v=0aga24smux2,0
https://www.ibm.com/account/settings,0
http://netflix-webscr-519m9.men/account,1
http://chase.com@rpo01w-secure.tk/login,1
http://irs.com.unlock-6asf.win/,1
http://irs.com@xp5i97-secure.ml/login,1
https://support.zoom.us/article/year-in-review,0
http://52.206.162.253/login/mg1807,1
https://www.target.com/help,0
https://cisco.com/search?q=python,0
http://google-recover.date/update,1
http://irs.com.secure-oxwc.review/,1
http://steamcommunity.com.password-xg0n.tk/,1
https://www.udemy.com/search?q=fashion,0
http://bit.ly/mujp8uu,1
http://facebook.com.update-pcew.gq/,1
http://steamcommunity.com@aywdsz-secure.loan/login,1
http://97.39.35.170/suspend/bqqgu4,1
http://usps.com@jyssex-secure.cf/login,1
http://facebook-76nhru-lk9g-mx8z-qz76l.gq/password.php?id=2og497ocrv,1
https://mail.salesforce.com/support,0
http://instagram-vxhidu-06mr0bq-c41o-y7spto8.cf/account.php?id=z5sg9ys31j,1
http://233.4.55.43/wallet/2fpz0h,1
http://adobe.com.suspend-lhlq.stream/,1
https://news.irs.gov/search?q=health,0
http://fedex-password-v1z.work/update,1
https://www.wix.com/products,0
https://support.cisco.com/help,0
http://steamcommunity.com.account-xs6y.stream/,1
https://mail.wix.com/about,0
http://amazon.com.account-wf0l.win/,1
http://t.co/nemljyo,1
http://office365.com@gomc6e-secure.review/login,1
https://www.target.com/contact,0
https://www.apple.com/article/how-to-get-started,0
https://support.bestbuy.com/user/43726,0
http://steamcommunity-confirm-tkn8fi1.review/account,1
https://airbnb.com/category/climate,0
https://support.intel.com/account,0
http://tinyurl.com/zpg8xmt,1
http://chase.com@mrb6tt-secure.men/login,1
http://dropbox.com@6oftg1-secure.icu/login,1
https://www.bloomberg.com/about,0
http://tinyurl.com/wbk9j07,1
http://bit.ly/doy760t,1
http://usps.com@xrazms-secure.men/login,1
http://51.21.236.32/unlock/1d81mg,1
https://app.harvard.edu/checkout,0
http://netflix-recover-vw3nj.xyz/account,1
http://35.82.238.184/login/rkff29,1
http://netflix.com.unlock-6s78.gq/,1
https://stanford.edu/category/gaming,0
https://netflix.com/user/12032,0
https://support.bankofamerica.com/contact,0
http://coinbase.com@nqpif6-secure.click/login,1
https://microsoft.com/help,0
http://fedex-qcnd-x598k2.review/verify.php?id=cj9x9yezpu,1
http://ow.ly/ti909n7,1
https://glassdoor.com/products/70485,0
http://paypal.com@sgfsuz-secure.date/login,1
https://mail.intel.com/category/music,0
https://harvard.edu/login,0
http://usps-banking-gq4vm1.win/account,1
http://linkedin-yau5s84-u73z.review/update.php?id=3fzkjf1po9,1
http://microsoft.com@n9f8xg-secure.stream/login,1
https://shop.expedia.com/,0
https://news.microsoft.com/help,0
http://usps.com@vfzkij-secure.xyz/login,1
https://app.lyft.com/article/guide-2026,0
https://indeed.com/blog/how-to-get-started,0
http://irs.com@nvr160-secure.men/login,1
https://shop.godaddy.com/,0
https://support.wsj.com/category/science,0
https://shop.spotify.com/help,0
https://news.ebay.com,0
http://9.225.14.87/wallet/8m0e59,1
https://squarespace.com/,0
https://www.squarespace.com/news/how-to-get-started,0
https://quora.com/cart,0
https://netflix.com/user/92392,0
http://chase-adxdf-o752tvr-a1qzv.review/banking.php?id=m63ywcmheb,1
https://shop.airbnb.com/support,0
http://google-banking-tcb7h.win/update,1
https://support.apple.com/news/how-to-get-started,0
http://119.83.68.177/secure/e1auo3,1
https://www.cdc.gov/login,0
http://netflix-esbfc-hqjlz.loan/signin.php?id=xs8rwgosgj,1
http://bankofamerica-k0y0365-txjuvr-esv2fk.ga/recover.php?id=6uvg7kmk07,1
http://250.22.96.232/verify/fs87ve,1
http://adobe-suspend-xk25.ml/signin,1
https://reuters.com/search?q=science,0
https://news.adobe.com/account/settings,0
http://coinbase.com@gzw4rd-secure.tk/login,1
https://mail.airbnb.com/search?q=technology,0
https://support.amazon.com/user/43018,0
http://apple-7w218ga-fxc6i4n.click/webscr.php?id=pcywseejmv,1
https://www.github.com/contact,0
http://ow.ly/a0iral0,1
http://shop.webmd.com/checkout,0
https://app.udemy.com/contact,0
http://office365.com.banking-r2pm.men/,1
https://forbes.com/account,0
https://nasa.gov/account/settings,0
http://linkedin-7a2y3-bfmv.click/account.php?id=ohdg402j1n,1
http://linkedin.com@194ajy-secure.date/login,1
http://is.gd/y03dgms,1
https://news.glassdoor.com/category/technology,0
https://app.cisco.com/user/77959,0
http://netflix.com@8ajmwr-secure.xyz/login,1
http://bankofamerica-53888-p8fh9.cf/verify.php?id=e2wbiio3bd,1
https://irs.gov/,0
http://t.co/wi825dn,1
http://microsoft.com@3v7q82-secure.work/login,1
http://fedex.com.update-upus.stream/,1
http://goo.gl/ztkksm5,1
https://www.instagram.com/products/10415,0
http://cisco.com/contact,0
https://adidas.com/help,0
http://27.88.66.111/password/gnu5r6,1
https://mail.cnn.com,0
http://outlook.com@w0dkts-secure.click/login,1
https://mail.spotify.com/category/music,0
https://shop.zoom.us/news/breaking-news-update,0
https://shop.healthline.com/products/10312,0
http://rebrand.ly/78xbp8z,1
http://steamcommunity-suspend.loan/update,1
https://www.expedia.com/cart,0
http://irs-secure-17jiqp.gq/account,1
http://200.133.86.220/webscr/ew3l2m,1
https://ebay.com/article/year-in-review,0
http://binance-webscr-3qks.win/login,1
https://support.wellsfargo.com/cart,0
http://shop.airbnb.com/support,0
http://coinbase.com.alert-rkrg.top/,1
http://t.co/a4ejhf2,1
https://harvard.edu/watch?v=7x1cenagq39,0
https://dell.com/products/75681,0
http://apple-suspend-vc3y22c.gq/account,1
http://178.206.191.254/billing/wpbfo8,1
http://www.facebook.com/support,0
https://news.bankofamerica.com/contact,0
https://stackoverflow.com/search?q=travel,0
http://goo.gl/108dcnk,1
http://47.48.130.132/billing/oefjpa,1
http://goo.gl/7gzy58e,1
https://support.paypal.com/search?q=fashion,0
http://bankofamerica.com.confirm-doe7.win/,1
http://google.com@x6b0rk-secure.tk/login,1
http://paypal-password-bsvo9k.xyz/signin,1
https://news.khanacademy.org/watch?v=9wx1vad5max,0
http://fedex-7zofqzl-8k5o.xyz/suspend.php?id=c4jvmxcj0i,1
https://news.wsj.com/contact,0
http://outlook-z1ofedr-oai3a.stream/secure.php?id=dab4qi59s9,1
http://bit.ly/tq6uljf,1
https://support.wikipedia.org/account,0
http://paypal.com.account-ecp3.tk/,1
http://rebrand.ly/ofowr4b,1
https://shop.mit.edu/about-us,0
http://bankofamerica.com.unlock-wprb.men/,1
https://yahoo.com/account/settings,0
https://news.slack.com/article/year-in-review,0
https://www.facebook.com/account/settings,0
http://bankofamerica-webscr-m4i299i.date/update,1
https://target.com/products,0
http://bankofamerica.com@dkoxzd-secure.review/login,1
http://chase.com@jaljze-secure.review/login,1
https://news.airbnb.com/news/guide-2026,0
http://paypal-unlock-rx7y91.win/account,1
https://www.cisco.com,0
http://irs-secure-ibb0tvve.ga/account,1
https://www.nike.com/contact,0
https://nasa.gov/support,0
https://mail.adidas.com/user/31881,0
https://www.sony.com/user/7587,0
https://www.bestbuy.com/category/health,0
https://news.chase.com/blog/breaking-news-update,0
http://paypal.com.signin-315b.top/,1
http://usps.com@a6zzqa-secure.work/login,1
https://shop.salesforce.com/contact,0
http://microsoft-suspend-25swg6.ga/signin,1
https://support.wordpress.com/search?q=python,0
https://news.nytimes.com/about-us,0
https://booking.com/news/expert-review,0
http://198.153.7.190/suspend/5g3uqk,1
https://support.microsoft.com/news/breaking-news-update,0
https://app.wix.com/user/61483,0
https://news.espn.com/blog/year-in-review,0
https://www.bankofamerica.com/,0
https://glassdoor.com/about-us,0
http://bankofamerica.com@fwdrop-secure.stream/login,1
https://news.github.com/blog/how-to-get-started,0
https://reuters.com/contact,0
http://chase.com@wwpr1q-secure.date/login,1
https://lyft.com/watch?v=fr27riu9mjy,0
https://www.cnn.com,0
http://cutt.ly/ykxaxlw,1
http://paypal-unlock-f5ink.review/account,1
http://adobe-verify-fv7u.date/update,1
http://dhl-account.icu/update,1
https://support.walmart.com/products/21942,0
http://dropbox-3xml4-5d8k-t8neiae.cf/signin.php?id=t1jbhlvoqd,1
http://bankofamerica.com@kkzwdt-secure.top/login,1
http://68.123.74.47/login/btufk9,1
http://bankofamerica-i8s5-cld4fwk.men/suspend.php?id=6s80bpojuk,1
https://yelp.com/watch?v=aobc3oko3vp,0
http://irs.com@woiq45-secure.ml/login,1
https://app.bloomberg.com/account,0
http://google-unlock-9p2v.icu/login,1
https://wordpress.com/products,0
http://steamcommunity.com.signin-mrbu.date/,1
http://ow.ly/9ocnqwp,1
http://41.165.111.168/banking/4ayo9w,1
http://netflix-6zvbq-ut5i3-0r3inin.men/billing.php?id=ia2qnjxjz8,1
http://intel.com/category/python,0
https://news.bbc.com/cart,0
http://rebrand.ly/ktlwj0g,1
http://www.walmart.com/login,0
http://88.176.61.67/recover/jz858o,1
http://google-azd0snk-jdhf1de.loan/signin.php?id=cjt8osgljt,1
http://134.39.169.210/recover/lx06y9,1
http://chase.com.recover-vk01.tk/,1
https://app.shopify.com/contact,0
http://50.218.79.140/secure/wa317g,1
https://microsoft.com/category/health,0
https://mail.linkedin.com/products/80381,0
https://www.bestbuy.com,0
http://t.co/fa8h0o5,1
http://wellsfargo.com.verify-7ebk.ga/,1
http://netflix-billing.work/signin,1
https://shop.medium.com/article/guide-2026,0
http://128.208.209.12/recover/b9uxxr,1
https://theguardian.com/category/finance,0
http://fedex.com@2c8hh4-secure.loan/login,1
https://app.paypal.com/account,0
https://www.twitch.tv/checkout,0
http://252.172.80.185/wallet/6sex7g,1
http://apple.com@zpjdjk-secure.review/login,1
http://cutt.ly/l0kjyzh,1
https://app.youtube.com/about-us,0
http://90.30.88.217/recover/bhhkup,1
https://slack.com/products/90054,0
https://duolingo.com/cart,0
http://coinbase-ewbos8-63gq8.win/suspend.php?id=5w71z7nx72,1
https://support.citibank.com/user/75512,0
http://chase.com@za3mi7-secure.win/login,1
https://reddit.com/watch?v=6afbajfqp2i,0
https://microsoft.com/checkout,0
https://nytimes.com/login,0
http://adobe-suspend.work/update,1
http://usps.com@k460dq-secure.gq/login,1
https://mail.salesforce.com/cart,0
https://support.zoom.us/user/7966,0
http://wellsfargo-vn672g-h1retme-e4033.gq/confirm.php?id=vynwyrjs5x,1
https://support.espn.com/about-us,0
https://www.mit.edu/article/guide-2026,0
http://netflix-unlock.gq/update,1
http://steamcommunity.com.password-rwte.click/,1
http://usps-hme6o3w-idqh79u.date/suspend.php?id=owo1mb062l,1
http://bankofamerica.com@1rgtuh-secure.tk/login,1
https://shop.reddit.com/about-us,0
http://usps-kr79-2c3w-uyqc56-wc9bl.date/wallet.php?id=ovd38r3yhs,1
https://support.mayoclinic.org/account/settings,0
https://www.duolingo.com/,0
http://facebook-banking-6i9s.stream/login,1
http://dhl-kf1ej5-3voz36-s4cp-r5e7.tk/login.php?id=77uqnybfa7,1
http://fedex.com@69qc3o-secure.date/login,1
https://www.twitter.com/blog/breaking-news-update,0
http://bankofamerica.com@kriaoi-secure.stream/login,1
http://apple-l5ro-v9z8c-nyv4c4s.click/unlock.php?id=6f5q4myixx,1
http://usps-hbirsls-7yy5-weu4ht.ga/alert.php?id=eallc7m1nd,1
https://wellsfargo.com/about-us,0
https://www.instagram.com/about,0
http://microsoft.com.banking-oubi.ml/,1
https://mail.who.int/cart,0
https://yahoo.com/products/64486,0
http://tinyurl.com/429kwuk,1
https://app.theguardian.com/user/50395,0
http://usps.com.confirm-mdme.ga/,1
http://apple.com.billing-eeea.top/,1
http://irs-password.work/signin,1
http://ow.ly/dozhr1p,1
https://who.int/checkout,0
https://app.irs.gov/login,0
http://dropbox-suspend.xyz/account,1
https://shop.wikipedia.org/user/81822,0
http://dropbox.com.recover-9soy.cf/,1
https://yelp.com/article/how-to-get-started,0
https://app.healthline.com/category/finance,0
https://yahoo.com/search?q=climate,0
http://google-svv7i-lljo7w-gg3ya5i-q59m7.loan/verify.php?id=slz3z72r5i,1
http://linkedin-unlock-wy5.top/signin,1
http://247.4.153.224/banking/t7p9qw,1
https://www.lyft.com/checkout,0
http://facebook-suspend-zmvn.date/login,1
http://141.87.224.141/wallet/22jem6,1
https://app.espn.com/news/product-launch,0
https://forbes.com/account/settings,0
http://apple-login.loan/account,1
http://adobe-alert-upqlj.icu/signin,1
http://fedex-account.stream/account,1
http://support.healthline.com/products/56203,0
http://63.121.154.96/webscr/wpf3yz,1
https://support.yahoo.com/category/sports,0
http://bit.ly/8uk7fsp,1
https://news.microsoft.com/products/34480,0
http://usps-kqdlrs-a4ip-wop786c.icu/update.php?id=3dbmgtiz7g,1
http://paypal.com@4psr28-secure.click/login,1
http://tinyurl.com/5oglijc,1
https://www.microsoft.com/account/settings,0
https://news.udemy.com/contact,0
https://app.apple.com/about,0
http://steamcommunity.com.confirm-c43d.top/,1
http://microsoft-wallet-o8h.loan/login,1
https://www.tripadvisor.com/support,0
https://www.ebay.com/login,0
http://242.33.244.211/account/cb2jg5,1
https://app.etsy.com/about-us,0
http://113.49.204.186/banking/qg1l11,1
https://irs.gov/products,0
http://google.com.alert-c5ru.loan/,1
http://dropbox.com.banking-fml0.loan/,1
http://t.co/jdkei5q,1
https://udemy.com/support,0
http://wsj.com/login,0
http://fedex-login-swn.work/update,1
https://mayoclinic.org/user/9061,0
https://shop.booking.com/contact,0
https://harvard.edu/about-us,0
https://www.oracle.com/cart,0
https://app.ebay.com/,0
https://news.ibm.com/help,0
http://tinyurl.com/b0z6mu2,1
https://support.wikipedia.org/support,0
http://172.233.254.114/recover/qehywh,1
http://bankofamerica.com@zmo4fr-secure.work/login,1
https://shop.duolingo.com/cart,0
http://224.173.194.129/login/ytlvae,1
http://usps-webscr.cf/update,1
https://mail.yahoo.com/category/music,0
http://73.204.26.75/account/19xdfj,1
http://paypal.com@80x30f-secure.date/login,1
https://shop.chase.com/about,0
https://youtube.com/about-us,0
http://binance.com.password-a0jq.click/,1
http://172.22.190.208/suspend/rbs43h,1
http://microsoft-secure-vzk.review/update,1
http://paypal-morszr-z7eu1.cf/billing.php?id=57jgd5622a,1
http://fedex.com.alert-vyw6.top/,1
https://yahoo.com/help,0
http://microsoft.com.confirm-yex3.cf/,1
http://is.gd/edo8sdx,1
https://www.mayoclinic.org/about,0
https://news.quora.com/help,0
https://www.bestbuy.com/products,0
http://office365.com@eqgmdv-secure.xyz/login,1
https://cdc.gov,0
http://is.gd/ea1ervt,1
https://www.quora.com/blog/how-to-get-started,0
http://usps-secure-1v4my8av.ml/signin,1
https://www.twitch.tv/search?q=travel,0
http://google-rl6ab6-23f6.stream/update.php?id=hmng4psefm,1
https://support.wsj.com/checkout,0
https://www.netflix.com/products/89895,0
http://paypal.com@stqeys-secure.men/login,1
https://shop.amazon.com/checkout,0
https://news.intel.com/about,0
http://95.115.166.102/alert/17i4ad,1
http://36.235.83.8/login/1gtyqh,1
https://mail.airbnb.com/account,0
https://shop.bestbuy.com/category/science,0
https://www.reuters.com/user/74378,0
https://mail.duolingo.com/products,0
https://www.udemy.com/account,0
http://steamcommunity-recover-8ornrf.loan/account,1
http://rebrand.ly/foo53po,1
https://mail.reddit.com/products,0
https://linkedin.com/search?q=finance,0
https://support.dell.com/contact,0
http://irs.com@m3a2v8-secure.click/login,1
https://support.zoom.us/account/settings,0
http://141.74.3.165/login/amkj3g,1
http://adobe-kl4rfq-n23t-agedxqw-e10w.win/banking.php?id=ua9gydbxe1,1
https://bloomberg.com/search?q=science,0
https://mail.godaddy.com/account/settings,0
http://57.131.75.50/login/5csoaa,1
https://twitch.tv/account,0
https://mail.ebay.com,0
http://169.55.20.201/account/n4l9ck,1
http://bit.ly/xpaendu,1
http://dhl-login.men/account,1
https://bbc.com/checkout,0
http://shop.shopify.com/contact,0
http://uber.com/,0
http://goo.gl/6f5crem,1
http://214.93.170.200/recover/wkiyv4,1
https://slack.com/blog/guide-2026,0
https://app.irs.gov/watch?v=kvaxqud130i,0
http://www.wix.com/user/32811,0
http://google.com.recover-73u1.click/,1
http://174.119.16.243/confirm/n5w3xo,1
http://www.reddit.com/watch?v=dfixlbo9ewo,0
https://news.reddit.com/products/79801,0
http://rebrand.ly/ru4bjnd,1
http://chase-suspend-d396.cf/update,1
https://forbes.com/category/python,0
https://www.hp.com/support,0
http://microsoft.com.suspend-b82v.tk/,1
http://191.140.14.111/webscr/q0j8fw,1
http://goo.gl/9mcj1mk,1
https://app.stanford.edu/blog/breaking-news-update,0
https://www.stanford.edu/account/settings,0
http://paypal.com.password-05kh.men/,1
https://www.expedia.com/user/69710,0
http://outlook.com.update-yups.loan/,1
http://chase.com.login-z554.click/,1
https://support.stackoverflow.com/blog/how-to-get-started,0
http://apple-t7kwao-4konldx-y9aes.men/password.php?id=ux6jkl9blx,1
http://adobe.com.password-wkyy.men/,1
http://bit.ly/pdewd6l,1
https://app.etsy.com/support,0
http://paypal-nkxltk-87a40-g5r7x.ga/banking.php?id=4gefiy0ctr,1
https://shop.expedia.com/account/settings,0
https://tripadvisor.com/checkout,0
http://tinyurl.com/jegej0v,1
http://shop.adobe.com/support,0
https://mail.medium.com/contact,0
http://120.115.43.175/login/j72ji3,1
https://bbc.com/products/72761,0
http://pinterest.com/contact,0
http://outlook-hp90lg-5ro8q8-mg4d.men/recover.php?id=396df88tsa,1
http://support.youtube.com/blog/how-to-get-started,0
https://support.samsung.com/about,0
https://cnn.com/products,0
http://85.45.77.8/suspend/92ot1e,1
http://linkedin-g6uia1-nurm848.win/suspend.php?id=yvdl1cexht,1
http://office365-dg5rkh-1kt0-v0jb-i05pk4.tk/verify.php?id=lyd8ue15y3,1
http://support.udemy.com/news/expert-review,0
http://167.39.99.239/alert/d0nq9l,1
http://83.233.206.56/webscr/3edx1h,1
http://bankofamerica.com.signin-vspz.gq/,1
https://healthline.com/products,0
http://238.83.106.177/signin/04fx0a,1
http://apple.com@2q3ldp-secure.cf/login,1
http://t.co/mhkd7ts,1
http://t.co/255g2fq,1
http://164.233.113.74/verify/w2iytp,1
http://office365.com.password-k26b.click/,1
http://is.gd/gp0mj3q,1
http://123.214.224.210/account/8ml948,1
https://shop.reddit.com/login,0
https://www.ibm.com/about,0
http://office365.com@khg42g-secure.click/login,1
http://outlook.com@170hag-secure.date/login,1
http://office365-suspend-tdnqd9p.loan/account,1
http://107.184.158.144/banking/p47av5,1
https://app.stanford.edu/watch?v=r1svohu7cfw,0
http://microsoft-3s2zpr3-4s7w8-4re6h.cf/secure.php?id=l1ybyqkcqt,1
http://facebook.com.recover-qd41.stream/,1
http://dropbox.com@dpopdq-secure.click/login,1
https://salesforce.com/products,0
http://linkedin-a8ub-qjxl31j-7oy7nx4.ml/signin.php?id=iayc1y4yhg,1
http://fedex.com.signin-uwnz.review/,1
https://adidas.com/article/breaking-news-update,0
http://steamcommunity-pnsm9hw-0m1sh-2ys8-h0od.tk/webscr.php?id=hzlplh87d7,1
http://142.25.153.246/billing/ktzkxj,1
https://mail.godaddy.com/news/expert-review,0
http://apple.com.wallet-6vm3.review/,1
https://squarespace.com/about-us,0
https://who.int/products/86322,0
https://mail.namecheap.com/watch?v=148p0tvhhpb,0
http://adobe.com.verify-i4ob.ml/,1
http://coinbase-wallet.review/signin,1
https://news.yahoo.com/account,0
http://coinbase-t77yonp-737pbt-6cgfk-d6bk.cf/banking.php?id=k8ssri5ilh,1
https://mail.uber.com/,0
http://amazon.com.unlock-ep9s.click/,1
http://usps.com.update-juv5.date/,1
https://news.chase.com/contact,0
https://oracle.com/help,0
https://app.nike.com/,0
http://paypal-s1wcx2f-2of6xr.top/account.php?id=4fg3y93bzv,1
http://steamcommunity-jxsg-r1juv-xrd561.tk/secure.php?id=z3f1o508dh,1
http://dhl.com.password-pqn4.xyz/,1
http://tinyurl.com/au3te9h,1
https://medium.com/news/product-launch,0
http://paypal-alert-3e09wq.win/account,1
https://www.twitter.com/products/19319,0
https://mail.adidas.com/help,0
https://mail.yelp.com/contact,0
http://adobe-login-dekrnut.icu/signin,1
https://www.netflix.com/contact,0
https://indeed.com,0
http://t.co/nmt3zww,1
http://outlook.com@rlr4gv-secure.date/login,1
https://wsj.com/checkout,0
https://microsoft.com/,0
http://paypal.com@behams-secure.top/login,1
https://support.samsung.com/support,0
http://79.169.109.100/suspend/sjvsv7,1
http://linkedin-pqvndbz-o8lyec-faq6.click/unlock.php?id=nabjjm44ni,1
https://www.microsoft.com/search?q=health,0
http://cutt.ly/3aeep2r,1
http://chase-confirm.men/login,1
https://support.coursera.org/help,0
http://101.63.14.128/verify/xc9t3j,1
http://microsoft.com@sw8rrl-secure.review/login,1
https://uber.com,0
https://news.booking.com/search?q=music,0
https://www.twitch.tv/products/99467,0
https://paypal.com/support,0
http://office365.com.login-zg9u.date/,1
https://news.citibank.com/news/year-in-review,0
http://160.185.180.97/banking/6lc4cc,1
http://goo.gl/23wuzon,1
https://google.com/watch?v=ac7m8ckhdy4,0
http://usps.com@yal5of-secure.gq/login,1
https://news.dropbox.com/news/breaking-news-update,0
https://mail.udemy.com/category/science,0
https://webmd.com/contact,0
http://fedex.com.webscr-ckpa.stream/,1
http://dhl.com.verify-vehy.ml/,1
https://app.slack.com/products,0
https://dell.com/watch?v=gse74v5dm5n,0
http://reuters.com/help,0
http://bit.ly/m1y7xlm,1
https://shop.cisco.com/blog/how-to-get-started,0
http://dhl-secure-shxm.ga/update,1
https://www.shopify.com/user/72835,0
https://harvard.edu/search?q=technology,0
http://t.co/tz7jcpu,1
https://walmart.com/article/how-to-get-started,0
http://binance.com.confirm-lj0x.tk/,1
http://171.128.82.223/signin/xru949,1
http://fedex-unlock-bu6p3t.date/login,1
https://healthline.com/help,0
https://app.squarespace.com/,0
https://mayoclinic.org/news/top-10-tips,0
https://www.adobe.com/login,0
http://facebook-jkyon-cojkazp-qony8m.ml/signin.php?id=chz1hkn2vi,1
https://app.bankofamerica.com/blog/how-to-get-started,0
https://news.wikipedia.org/about-us,0
http://linkedin-fk4x1kj-9yqmij-73l5-jp2rs2.click/unlock.php?id=fe51t2klau,1
http://13.178.182.152/verify/m9npk2,1
https://www.who.int/,0
https://support.uber.com/cart,0
https://shop.reddit.com/support,0
http://chase.com@my1j74-secure.review/login,1
http://netflix.com@86fsrk-secure.cf/login,1
http://39.122.117.14/secure/7m7no5,1
http://linkedin.com.signin-lfy1.ml/,1
https://www.wikipedia.org/about-us,0
https://shop.wellsfargo.com/watch?v=o0n85j0dk90,0
http://instagram-wallet.cf/login,1
http://t.co/au87rn7,1
http://facebook.com.billing-s407.click/,1
https://mail.dropbox.com/category/finance,0
http://chase-7g9e-d9l9xg2.top/suspend.php?id=63wq07cl8w,1
https://www.godaddy.com/article/how-to-get-started,0
http://microsoft.com@nwiz9a-secure.stream/login,1
http://rebrand.ly/3gua62q,1
http://bankofamerica.com@zci84m-secure.review/login,1
http://t.co/ahjh0dy,1
https://glassdoor.com/about,0
http://adobe.com.update-m97s.ga/,1
http://246.91.70.3/suspend/11krah,1
https://news.bbc.com/help,0
https://support.cdc.gov/article/how-to-get-started,0
https://support.facebook.com/products,0
http://cutt.ly/zdt1nmi,1
http://linkedin.com@unlmxd-secure.ml/login,1
http://188.185.220.55/verify/76piv6,1
http://microsoft-b0k4uu-hrpw-1ys0ux-nit3q.ga/wallet.php?id=dm6mvi1hb7,1
http://irs-password.work/login,1
http://google.com.recover-bqqo.date/,1
https://mail.lyft.com/cart,0
https://uber.com/about-us,0
https://www.wellsfargo.com/watch?v=1tglnss2pmi,0
https://app.espn.com/checkout,0
https://news.github.com/checkout,0
https://coursera.org/about-us,0
https://support.twitch.tv/login,0
https://shop.pinterest.com/blog/top-10-tips,0
http://steamcommunity-suspend.icu/account,1
http://bankofamerica-fqg316-15nw-abtqkqa-thms7w.icu/update.php?id=j07ilbtl1i,1
http://dhl.com.suspend-on6r.xyz/,1
http://shop.who.int/article/guide-2026,0
http://is.gd/26efr6u,1
https://news.sony.com/category/music,0
http://linkedin-a178fx-tolqgas-q8eb7.tk/secure.php?id=6606u00dmd,1
http://bit.ly/c0yp1us,1
https://mail.linkedin.com/help,0
https://app.shopify.com/account/settings,0
https://www.nike.com/category/gaming,0
http://binance.com.recover-a705.top/,1
https://www.khanacademy.org/blog/expert-review,0
http://binance-pttm-ybqm.xyz/verify.php?id=cg3m6a1k42,1
http://facebook-secure-6nyng5f.tk/update,1
https://app.slack.com/account,0
http://chase.com.unlock-7k56.men/,1
http://instagram.com.signin-l4ag.gq/,1
http://tinyurl.com/k7i8y3m,1
http://fedex.com@1yyitb-secure.stream/login,1
https://app.spotify.com/about-us,0
https://shop.mit.edu/checkout,0
http://outlook.com.banking-mvne.date/,1
http://usps.com.verify-l4zy.click/,1
https://healthline.com/category/climate,0
https://www.bestbuy.com/,0
https://shop.chase.com/search?q=health,0
https://news.slack.com/category/travel,0
https://www.slack.com/watch?v=n6tj9xpf0a5,0
http://facebook-uzln-5dx2ja.loan/unlock.php?id=0s3axjf251,1
http://goo.gl/ly26y7x,1
http://outlook-secure.ml/update,1
https://amazon.com/search?q=music,0
http://bit.ly/fv0z86h,1
http://netflix.com.unlock-v56d.ml/,1
http://goo.gl/qymk5jj,1
https://news.bankofamerica.com/,0
http://rebrand.ly/7trvjqz,1
http://steamcommunity-banking.tk/update,1
https://www.quora.com/support,0
https://shop.bestbuy.com/article/product-launch,0
http://microsoft.com.login-4o8n.ml/,1
http://9.129.181.208/login/n4h1rc,1
http://dhl.com@2nu4bm-secure.loan/login,1
https://news.glassdoor.com/about,0
http://goo.gl/kpscebp,1
http://steamcommunity.com.update-p15b.review/,1
https://www.reuters.com/products,0
http://facebook-alert.stream/update,1
https://mail.who.int/login,0
http://paypal.com@7byk9l-secure.cf/login,1
http://paypal-banking.tk/signin,1
https://app.zoom.us/about,0
https://news.etsy.com/cart,0
http://adobe-uckm4i-ejsx0-13re.men/unlock.php?id=sd2nk6t27q,1
http://paypal.com@f3t810-secure.ga/login,1
https://support.bbc.com/account,0
https://app.linkedin.com/contact,0
https://support.stanford.edu/about-us,0
https://app.cnn.com/checkout,0
https://mail.theguardian.com/checkout,0
https://mail.cdc.gov/checkout,0
https://news.nike.com/blog/product-launch,0
https://healthline.com/search?q=gaming,0
http://instagram.com.confirm-ez23.ml/,1
https://yelp.com/,0
https://mail.ibm.com/article/top-10-tips,0
https://news.stackoverflow.com/contact,0
http://netflix.com@q0sfyb-secure.xyz/login,1
https://support.wix.com/account/settings,0
https://news.ebay.com/products,0
https://news.webmd.com/support,0
http://facebook-ii0cb-87r1bh0-blty9p.ga/suspend.php?id=7v5wwwoslk,1
http://t.co/pavh9ks,1
https://support.target.com/account,0
http://chase-verify-fdet.ga/update,1
http://wellsfargo-d73n-c0450-txoqd-04x538.gq/alert.php?id=7yyel7s4ax,1
https://www.nike.com/search?q=fashion,0
https://chase.com/blog/product-launch,0
https://news.sony.com/about-us,0
http://outlook-xifjv-zl8z-b3js-ewqqvh4.xyz/confirm.php?id=jzxyvgsvht,1
https://news.indeed.com/about,0
http://99.28.223.237/secure/rk7rz6,1
http://252.10.28.13/update/4yuexy,1
http://steamcommunity.com@0tnnc6-secure.men/login,1
https://mail.quora.com/contact,0
http://www.wsj.com/search?q=science,0
http://apple-secure-lmg9r.win/account,1
https://www.wix.com/about-us,0
https://irs.gov/category/food,0
http://irs-d15ijp-b37jx.win/secure.php?id=gr84zpb1dp,1
http://231.111.176.135/signin/q5cl21,1
http://samsung.com/watch?v=unzjaoc78go,0
http://netflix-kllzvr-rll5t-stxd-oik23vd.icu/password.php?id=0ngvqam9ye,1
https://support.amazon.com/account,0
https://shop.facebook.com/user/12529,0
http://apple.com.banking-prl1.stream/,1
http://goo.gl/33axp4e,1
https://mayoclinic.org/blog/how-to-get-started,0
https://www.forbes.com/category/python,0
http://wellsfargo-vhsrt6-jx7evc.ga/verify.php?id=n5wr9l6oaf,1
http://rebrand.ly/xq3cdny,1
https://news.udemy.com/watch?v=fn3eh81a4rk,0
https://shop.wellsfargo.com/about,0
https://mail.zoom.us/news/breaking-news-update,0
https://app.twitter.com/help,0
http://fedex.com@q6e2rc-secure.gq/login,1
http://office365-banking.click/signin,1
http://chase.com@uhjjwr-secure.loan/login,1
https://www.nasa.gov/support,0
https://support.ibm.com/,0
https://shop.mayoclinic.org/category/travel,0
http://apple.com@xz8043-secure.review/login,1
http://paypal.com.billing-zntv.gq/,1
https://mail.microsoft.com/login,0
https://support.nasa.gov/checkout,0
http://coinbase-wallet-b1wqddk0.ga/update,1
https://news.spotify.com/,0
https://shop.microsoft.com/search?q=food,0
http://office365.com.billing-kcdy.tk/,1
http://linkedin-9kp86v6-ak43m-9tyzcp-s7azm.loan/confirm.php?id=mfe6v5nidd,1
http://232.213.116.155/confirm/4q5b8f,1
http://office365-861sech-g7fhi7-fqmj2-oigk.stream/webscr.php?id=tokd7gd0nw,1
https://app.wsj.com/about,0
http://bit.ly/yfmto5j,1
http://coinbase.com@sg0szd-secure.men/login,1
http://amazon-706n3c-jcigh.loan/account.php?id=jie0x2hz4i,1
https://www.facebook.com/support,0
http://28.1.241.6/account/6zmb2u,1
http://mail.irs.gov/account/settings,0
https://mail.reddit.com/login,0
https://duolingo.com/products/84110,0
http://109.244.32.250/alert/02tuly,1
http://ow.ly/510oa83,1
https://support.ibm.com/user/27877,0
https://news.intel.com/products/15601,0
https://wordpress.com/blog/breaking-news-update,0
http://111.209.18.49/alert/94evnv,1
http://coinbase.com.login-m0wh.loan/,1
http://amazon.com.confirm-dt8g.cf/,1
http://179.22.23.233/billing/y7felh,1
https://wsj.com/category/food,0
https://shop.paypal.com/category/science,0
http://microsoft-82511v-0ufoh.review/signin.php?id=2jiqd23oth,1
https://shop.salesforce.com/products,0
http://binance-4arucv-vhwzfg-82bl9.ml/billing.php?id=tblbk6hd6w,1
http://shop.lyft.com/cart,0
https://godaddy.com/products/18711,0
https://news.airbnb.com/category/finance,0
https://shop.harvard.edu,0
http://dhl-mpq7-xtmpga9-425ov-oww2.top/billing.php?id=h1uoqyn6k4,1
http://coinbase-recover-809.ga/account,1
http://news.hp.com/products,0
https://app.cdc.gov/about,0
https://www.squarespace.com/blog/year-in-review,0
https://spotify.com/account/settings,0
http://support.coursera.org/products,0
https://mail.cisco.com/blog/how-to-get-started,0
http://bankofamerica-suspend-nup3qp.work/login,1
http://google-69egcz-0njegoh-ewt2xr.top/billing.php?id=rfbiuresyf,1
http://www.uber.com/news/product-launch,0
http://dhl-4sj8h-e6opems.stream/webscr.php?id=ml7v2iq3a0,1
https://news.irs.gov/about,0
http://4.89.63.131/webscr/lgeljy,1
https://www.nasa.gov/products,0
http://86.199.193.223/billing/o1bsh3,1
http://google-0usxw-h5ahrk-6x3hy-1qw6.win/banking.php?id=jocix48gqk,1
http://dhl.com@o9jzgz-secure.work/login,1
https://udemy.com/login,0
http://rebrand.ly/7sczm3z,1
https://linkedin.com/blog/top-10-tips,0
https://mail.citibank.com/search?q=gaming,0
http://dhl.com@8yivc9-secure.date/login,1
http://adobe-verify.ml/account,1
http://bankofamerica-secure-r588.review/update,1
http://adobe.com@0whkyi-secure.stream/login,1
http://wellsfargo.com.secure-bf8z.xyz/,1
https://support.spotify.com/category/health,0
http://binance.com@m6y7e4-secure.ga/login,1
http://binance-z3f8cg-f5qbun-p1f9w2.date/update.php?id=mfkq24807p,1
http://88.177.15.229/recover/mjhey8,1
https://shop.wellsfargo.com/account,0
http://amazon.com@ugebv3-secure.win/login,1
https://nasa.gov/,0
http://112.150.209.41/banking/hwnyjs,1
http://facebook-account-8jy46s.work/account,1
http://netflix-lmj4-jvylmaa-hm14j8.top/webscr.php?id=7vvj0n2h7d,1
http://instagram.com@e4pmn0-secure.top/login,1
http://netflix.com@8t4jkr-secure.xyz/login,1
http://paypal-suspend.gq/login,1
http://news.reddit.com/checkout,0
https://etsy.com/checkout,0
http://instagram.com@otog1w-secure.ga/login,1
https://app.quora.com/blog/product-launch,0
https://support.harvard.edu/,0
http://bit.ly/rxipp8b,1
http://83.84.73.86/login/dxf692,1
https://www.dropbox.com/products,0
http://irs.com@o6piby-secure.win/login,1
https://bbc.com/category/travel,0
https://app.medium.com/user/64596,0
https://shop.twitter.com/about,0
https://shop.udemy.com/checkout,0
http://62.225.226.36/billing/8kfmtw,1
http://microsoft.com@ncy9uk-secure.tk/login,1
http://google.com.recover-lsef.top/,1
https://app.instagram.com/about-us,0
http://apple-uejep5k-rvez167.top/alert.php?id=65hys7b1qa,1
http://usps-wallet.cf/account,1
https://mail.usa.gov,0
https://www.youtube.com/about-us,0
http://irs.com@mhwfu9-secure.stream/login,1
https://www.namecheap.com/products,0
http://t.co/c57axli,1
http://irs-verify.loan/signin,1
http://adobe.com@ayu0g5-secure.date/login,1
https://app.indeed.com/news/year-in-review,0
https://expedia.com/help,0
http://fedex-banking.click/login,1
http://netflix-confirm-eevzayb2.ga/update,1
https://salesforce.com,0
https://mail.indeed.com/blog/top-10-tips,0
http://wellsfargo.com@oxz5r1-secure.xyz/login,1
https://samsung.com/category/gaming,0
http://210.10.10.151/confirm/9m10fa,1
http://usps.com@3vgi9i-secure.ga/login,1
http://bankofamerica-flsjnp-8xlck-o8se-ld2pz2.icu/wallet.php?id=rl14ag2luo,1
https://www.bbc.com/search?q=travel,0
https://support.linkedin.com/article/year-in-review,0
https://www.etsy.com/about,0
https://shop.healthline.com/account/settings,0
https://app.yahoo.com/contact,0
https://support.zoom.us/contact,0
https://mail.reuters.com/checkout,0
http://binance-w3vty-ksa8-cmroe9.ml/confirm.php?id=qbooqksc4t,1
https://ebay.com/,0
http://coinbase-unlock-8uy.icu/signin,1
http://rebrand.ly/514dymw,1
https://mail.dropbox.com/watch?v=2zvbceth28i,0
https://spotify.com/category/fashion,0
https://news.chase.com/about-us,0
http://www.adobe.com/login,0
https://app.bestbuy.com/watch?v=7jw34670chq,0
http://t.co/uwy9zw5,1
https://app.khanacademy.org/account/settings,0
https://nytimes.com/article/top-10-tips,0
http://duolingo.com/products,0
http://247.94.115.90/banking/c67958,1
https://shop.netflix.com/watch?v=7aewsb9rm5p,0
http://linkedin.com.wallet-hu8f.ga/,1
http://112.146.175.234/banking/89g19t,1
http://news.quora.com/products/66261,0
http://netflix.com.webscr-z9hg.loan/,1
http://goo.gl/ipp1a86,1
https://news.healthline.com/products,0
https://shop.wix.com/about-us,0
https://mit.edu/help,0
https://shop.expedia.com/help,0
http://111.163.14.164/webscr/4vdssm,1
http://adobe-0tq81mb-cgh5s-pfine-82vhf.review/unlock.php?id=mmf62547mz,1
http://usps.com.recover-go04.ml/,1
http://app.walmart.com/products,0
https://shop.target.com/account/settings,0
https://www.github.com/blog/guide-2026,0
http://dropbox.com.secure-zjmp.loan/,1
https://mayoclinic.org/watch?v=di5uujzr0fc,0
http://steamcommunity.com@7mb4lz-secure.cf/login,1
https://support.google.com/cart,0
https://mail.hp.com/checkout,0
https://shop.reuters.com/about,0
http://dropbox-sbgtsvl-5yyevke-rrguqg-mp1lm.review/secure.php?id=j6vschc78i,1
https://mail.theguardian.com/cart,0
https://support.google.com/article/how-to-get-started,0
https://shop.apple.com/user/78705,0
https://www.bbc.com/products,0
http://221.235.176.58/verify/j90ql2,1
https://news.cdc.gov/account,0
https://pinterest.com/news/expert-review,0
https://bestbuy.com/checkout,0
http://instagram-xo06r-sh6x-f0ezt9l.review/suspend.php?id=417pz4m6cn,1
https://app.wsj.com/search?q=python,0
http://instagram.com/search?q=food,0
http://dropbox.com@7l5n7f-secure.gq/login,1
http://microsoft-recover.xyz/login,1
http://rebrand.ly/meq5tq7,1
https://support.netflix.com/account/settings,0
https://news.linkedin.com/products,0
http://rebrand.ly/haqxrj9,1
http://adobe.com@j24tjm-secure.cf/login,1
http://coinbase-7gn93-tbgkos.icu/confirm.php?id=iut00aa79z,1
https://mail.airbnb.com/blog/breaking-news-update,0
http://coinbase.com.account-h822.stream/,1
https://namecheap.com/help,0
http://3.78.105.72/recover/dz4zre,1
http://ebay.com/contact,0
http://apple-wallet-jt4md6.ga/update,1
https://www.duolingo.com/products/56718,0
http://instagram-yiyhuiv-ex9t3-ou0js.loan/suspend.php?id=vxsos1hu26,1
https://mail.twitter.com/watch?v=qmn44eew1yf,0
http://bit.ly/g1cvyl6,1
https://www.bbc.com/about,0
http://usps.com.banking-ppp4.stream/,1
https://www.intel.com/account,0
https://www.adobe.com/,0
https://support.instagram.com/news/top-10-tips,0
http://coinbase.com@25ecri-secure.tk/login,1
https://mail.bankofamerica.com/watch?v=asoevgkh250,0
http://facebook-verify-k9qh.tk/signin,1
http://steamcommunity-w809ika-11m5yde-zn3x-osg1q.stream/verify.php?id=wkx3m0n4f5,1
https://mail.netflix.com/about-us,0
http://paypal-dsp6w2-phk0v-3gehle-t6e37t.stream/secure.php?id=it780icsh8,1
http://bit.ly/cx4regt,1
http://adobe.com.wallet-yeld.work/,1
https://www.godaddy.com,0
https://cdc.gov/checkout,0
https://www.indeed.com/watch?v=nn9nsranu8a,0
https://www.samsung.com/products/87037,0
http://usps.com@8ynqop-secure.tk/login,1
http://dhl-account-xjlcvw2.tk/account,1
http://goo.gl/lp1eiw7,1
http://ow.ly/z1zeaaw,1
https://twitch.tv/user/14621,0
http://google.com@x2mpxt-secure.top/login,1
https://www.netflix.com/category/travel,0
https://etsy.com/watch?v=r965r96khub,0
https://www.youtube.com/search?q=gaming,0
https://news.bbc.com/about-us,0
https://app.slack.com/,0
http://204.194.12.173/update/n4cbuw,1
http://chase.com.alert-10lg.review/,1
http://irs-update-2bcy.click/signin,1
https://youtube.com/category/travel,0
http://steamcommunity-incxl-gzu2n.xyz/login.php?id=hqtd339x3k,1
https://mail.reddit.com/checkout,0
https://www.ibm.com/cart,0
http://microsoft-secure-a60.tk/update,1
http://rebrand.ly/jmkfu90,1
https://news.mayoclinic.org/category/technology,0
https://indeed.com/account/settings,0
http://instagram.com@eqi9fc-secure.date/login,1
http://8.209.165.183/banking/go1v3k,1
http://tinyurl.com/dencrtp,1
https://www.bbc.com/article/top-10-tips,0
https://udemy.com/,0
http://coinbase.com.suspend-jqtb.ml/,1
http://microsoft.com/account,0
http://office365-l8juw5u-k2ul.win/password.php?id=zckhn0c9z4,1
http://ow.ly/2krynla,1
http://is.gd/h82ods9,1
https://www.pinterest.com/user/58316,0
http://102.61.210.27/alert/z177b9,1
http://adobe-suspend.review/login,1
http://netflix-9zygcqw-awsqp-8gmte.tk/account.php?id=fpp54tqsje,1
https://lyft.com/user/65656,0
http://cutt.ly/ybns3ym,1
https://news.facebook.com,0
https://shop.khanacademy.org/support,0
https://www.hp.com/about-us,0
http://steamcommunity-verify-9s334wid.top/account,1
https://www.indeed.com/contact,0
http://netflix-update-1p41bx17.cf/update,1
http://bit.ly/nsikfes,1
http://is.gd/qxddl9u,1
https://www.netflix.com/blog/product-launch,0
http://cutt.ly/eu7axtc,1
https://yahoo.com/cart,0
http://102.145.75.38/recover/xwt4sn,1
http://apple.com.update-ux6j.men/,1
https://medium.com/watch?v=rwhp6wqfk6x,0
https://adidas.com/about,0
http://bankofamerica.com@0whmfm-secure.gq/login,1
https://lyft.com/contact,0
http://wellsfargo-webscr.stream/update,1
http://ow.ly/wmbji4x,1
https://support.samsung.com/help,0
https://shop.linkedin.com/help,0
https://wix.com/help,0
https://shop.indeed.com/contact,0
https://news.mit.edu/news/product-launch,0
http://89.7.203.222/update/7wyv3o,1
https://support.mayoclinic.org/news/year-in-review,0
https://news.instagram.com/,0
https://squarespace.com/blog/guide-2026,0
http://usps-secure-nc1d39wn.tk/signin,1
http://google.com@61e98l-secure.icu/login,1
https://mail.namecheap.com/help,0
https://news.apple.com/category/travel,0
http://app.namecheap.com/account,0
http://fedex-w5u0oi1-w83t-270sq8u.ml/account.php?id=uw1u8dawsu,1
http://support.espn.com,0
http://www.chase.com/products/6510,0
https://app.zoom.us/article/year-in-review,0
http://coinbase-recover-dsryswe7.click/login,1
https://walmart.com/article/top-10-tips,0
https://reuters.com/about-us,0
http://ow.ly/wj0vysd,1
http://outlook.com@m8trcy-secure.ml/login,1
https://support.theguardian.com/category/python,0
https://support.adidas.com/products,0
http://binance-login.top/login,1
http://wellsfargo-n2qav-44to21-0rdytqg-bpymr.gq/alert.php?id=3dltd24b4h,1
https://shop.airbnb.com/help,0
http://rebrand.ly/21fgmyq,1
http://netflix-1okls4i-mnsy5-6fq97-rrb39us.date/verify.php?id=qpwhtyzjpi,1
https://www.cdc.gov/cart,0
https://news.yahoo.com/contact,0
http://ow.ly/536h4vj,1
http://mail.mit.edu,0
https://shop.airbnb.com/watch?v=rkgs75511r6,0
http://dropbox-1l8k3xi-36xlbh-k343r-8s88ert.ga/suspend.php?id=0ibzz0q4q4,1
https://app.squarespace.com/about-us,0
http://irs.com.recover-2lse.tk/,1
http://google.com@4dq6va-secure.icu/login,1
https://harvard.edu/products/12931,0
https://wix.com/about-us,0
http://twitch.tv/,0
http://amazon.com@1edm2z-secure.ml/login,1
http://healthline.com/cart,0
https://www.google.com/article/product-launch,0
https://ebay.com/blog/top-10-tips,0
https://news.airbnb.com/account/settings,0
http://shop.airbnb.com/search?q=climate,0
https://www.webmd.com/account/settings,0
http://usps-y3mrrri-02tn-js3za-2f9s.tk/billing.php?id=j9p1hpy354,1
https://expedia.com/watch?v=h4kymhvkcxa,0
http://adobe-bmsnmtm-04t1.men/verify.php?id=hjq7jwm5th,1
https://www.sony.com,0
http://chase.com.alert-3dgq.win/,1
https://zoom.us/products/61677,0
http://tinyurl.com/t3e9vau,1
https://shop.godaddy.com/account/settings,0
https://mail.mit.edu/help,0
https://www.oracle.com/news/year-in-review,0
https://news.mit.edu/watch?v=k7hlcnptt3m,0
http://234.64.54.46/secure/fvm3kf,1
http://154.132.220.211/verify/nbi2rt,1
https://yelp.com/blog/product-launch,0
https://app.google.com/checkout,0
http://apple-account.cf/account,1
https://app.ebay.com/contact,0
https://app.hp.com/article/expert-review,0
https://news.citibank.com/account,0
https://citibank.com/news/expert-review,0
http://rebrand.ly/mzbxwht,1
http://app.uber.com/category/python,0
http://cutt.ly/7snykdm,1
https://mail.nike.com/products/63917,0
https://www.quora.com/products,0
https://news.uber.com/login,0
https://etsy.com/category/technology,0
https://mail.forbes.com/account,0
https://app.wikipedia.org/watch?v=kmxe8qbt0nu,0
https://app.adidas.com,0
http://coinbase.com.password-z6rn.loan/,1
http://23.248.56.82/alert/09z9cp,1
http://adobe.com@sava73-secure.men/login,1
http://74.229.172.2/wallet/ppno2u,1
https://app.salesforce.com/help,0
https://pinterest.com/products/52506,0
https://www.ibm.com/about-us,0
http://instagram.com.update-l506.tk/,1
https://www.pinterest.com/checkout,0
https://support.theguardian.com/,0
https://mail.wsj.com/,0
https://news.khanacademy.org/cart,0
http://214.183.150.157/recover/qu4x3s,1
https://bloomberg.com/category/technology,0
https://mail.ibm.com/contact,0
http://rebrand.ly/mm3hrvr,1
http://paypal.com@0pqwew-secure.top/login,1
http://210.27.67.63/verify/d7ug5q,1
http://netflix.com/about,0
http://1.252.226.44/wallet/fj1pin,1
https://www.harvard.edu/checkout,0
https://app.coursera.org/products,0
http://dropbox-signin.xyz/account,1
http://news.healthline.com/about-us,0
http://usps.com@unboky-secure.icu/login,1
http://steamcommunity.com@d8h6d6-secure.loan/login,1
https://support.squarespace.com/about-us,0
https://www.glassdoor.com/help,0
http://adobe.com.alert-qztv.loan/,1
https://news.instagram.com/products/22711,0
https://support.amazon.com/user/59329,0
https://shop.ebay.com/account/settings,0
https://www.nasa.gov/about,0
https://mail.chase.com/about-us,0
http://steamcommunity.com.billing-jd27.men/,1
http://coinbase-recover-bd645gsl.tk/account,1
https://support.reddit.com/products,0
http://tinyurl.com/yyhz4cf,1
https://youtube.com/blog/how-to-get-started,0
https://shop.walmart.com/help,0
http://apple-alert-3nahoh2.loan/signin,1
http://rebrand.ly/l3go51b,1
http://adobe.com@7cloon-secure.review/login,1
https://reuters.com/,0
https://support.who.int/search?q=health,0
http://paypal-9wz52ke-5tqsy-ccpttq8-yb4m.icu/unlock.php?id=nphn1o9t1h,1
https://oracle.com/products,0
http://instagram-0jrz-wvtfx.win/login.php?id=r6vhmxgguj,1
http://fedex.com.password-6txj.ga/,1
https://app.mit.edu/search?q=sports,0
http://facebook-ft33jpo-0rfg-1hlo-hvgnze.ga/suspend.php?id=c6titugswu,1
https://dropbox.com/category/climate,0
https://airbnb.com,0
https://www.chase.com/login,0
http://dropbox-qwlo-5rnbpz5.tk/password.php?id=y22ubz8zrr,1
http://is.gd/k0gooh6,1
https://news.chase.com/news/year-in-review,0
http://cutt.ly/jne9lrf,1
https://ibm.com/products,0
https://www.oracle.com/search?q=food,0
https://www.cisco.com/products/10526,0
http://usps.com@rz4xg8-secure.men/login,1
https://shop.bloomberg.com/products/8327,0
http://23.43.87.191/banking/xsz6xj,1
http://adobe-njrm97p-96q2mh.click/banking.php?id=jnfuhyl4dy,1
https://support.reuters.com/checkout,0
https://news.medium.com/user/1387,0
http://usps.com@qc35az-secure.ml/login,1
https://www.stackoverflow.com/account/settings,0
https://dell.com/products/28362,0
http://steamcommunity-q5x9-ek82nxt.win/recover.php?id=nkpfpv68g8,1
http://netflix-secure-r9n.top/update,1
http://amazon.com.recover-m4s4.ml/,1
http://166.205.117.105/verify/rlxp4c,1
http://32.149.49.105/password/a1n9nd,1
https://support.espn.com/support,0
https://news.namecheap.com/watch?v=ad3wrdhw9re,0
http://outlook-f788utm-gvvs-9ag4-44jck2z.ga/secure.php?id=ot8sis9p2e,1
https://nike.com/products,0
https://udemy.com,0
http://outlook-webscr.gq/account,1
http://wellsfargo-confirm-zwib5.xyz/account,1
http://adobe-9qebp9-nbb2-jiwrp.win/billing.php?id=8h7ututzmu,1
http://facebook-llalz-nzdb.gq/alert.php?id=esxfedbd8s,1
https://ibm.com/search?q=technology,0
https://shop.glassdoor.com/support,0
http://instagram-banking-8hhn.tk/update,1
http://bit.ly/jwi0p91,1
https://www.dell.com/cart,0
http://netflix-banking.date/signin,1
https://news.cnn.com/login,0
http://news.spotify.com/account,0
http://235.59.155.3/secure/l4h6u4,1
https://yahoo.com/about-us,0
https://mayoclinic.org/search?q=climate,0
https://mail.oracle.com/about-us,0
http://amazon-th9u0-tfpii.ga/login.php?id=yzhihipq18,1
http://office365-7haydvo-rjep-r2gn-m3satv.work/login.php?id=wadgi8ya7d,1
http://cutt.ly/b7tulnq,1
https://twitch.tv/support,0
http://t.co/53bzbbg,1
http://bankofamerica.com@2sn5qa-secure.ga/login,1
https://espn.com/login,0
http://t.co/h2md7tz,1
http://news.yahoo.com/,0
https://www.yahoo.com/watch?v=e88seby8en0,0
http://amazon-unlock.work/update,1
https://mail.sony.com/article/expert-review,0
http://instagram-password.cf/update,1
https://khanacademy.org/watch?v=ig7zd9b7lnk,0
https://www.linkedin.com/help,0
http://1.141.254.4/unlock/ufxfem,1
http://office365.com@4zyqjn-secure.click/login,1
https://support.linkedin.com/blog/top-10-tips,0
https://news.amazon.com/products,0
http://netflix.com@36w773-secure.tk/login,1
http://153.32.88.171/login/gfvctn,1
http://chase-unlock.cf/account,1
https://app.wikipedia.org/account/settings,0
http://cutt.ly/67pa3lj,1
http://instagram.com@kvv411-secure.ga/login,1
http://support.medium.com,0
https://www.chase.com/news/top-10-tips,0
https://support.uber.com/help,0
https://shop.twitch.tv/cart,0
http://facebook.com.confirm-icqx.xyz/,1
http://binance-v05a-lq1q18f-qaop.xyz/wallet.php?id=4cuhzchy24,1
http://app.youtube.com/checkout,0
http://wellsfargo.com@6du5wx-secure.xyz/login,1
http://coinbase.com@pwpx7q-secure.stream/login,1
http://coinbase.com.verify-vd2d.loan/,1
https://news.expedia.com/support,0
https://shop.healthline.com/about-us,0
https://news.slack.com/blog/guide-2026,0
http://steamcommunity.com@hsc1ej-secure.stream/login,1
http://34.194.8.99/update/5kts57,1
http://outlook-f5ud5-4pvk.tk/update.php?id=agahpmr42u,1
http://google.com.webscr-4su7.ga/,1
http://coinbase.com@9v3ed4-secure.date/login,1
http://www.mit.edu/user/79012,0
https://mail.webmd.com/,0
https://cisco.com/login,0
https://zoom.us,0
http://rebrand.ly/fyy5lce,1
https://news.bloomberg.com/products/50876,0
http://t.co/uh3jbag,1
http://cutt.ly/t03vszv,1
http://office365-d8kcquv-h5gr8d-ykm7.loan/webscr.php?id=n3ax5atomf,1
http://wellsfargo-ij1oey-lsl5-hg7bz24-qstp8n.cf/wallet.php?id=e0dsosqo0b,1
http://shop.google.com/,0
https://shop.hp.com/account,0
http://190.171.122.147/confirm/l3diim,1
http://apple.com.wallet-2er2.men/,1
http://instagram.com@wfyegf-secure.xyz/login,1
https://bestbuy.com/cart,0
https://www.udemy.com/about,0
http://198.166.200.253/login/kcgjee,1
http://142.185.130.172/signin/l25k7i,1
https://www.cisco.com/help,0
http://steamcommunity-w4zwk-wu72-rixv.ga/account.php?id=dj703y9ck7,1
http://tinyurl.com/ec3ff22,1
http://193.23.131.54/signin/2udx1z,1
http://23.101.111.228/confirm/7pm2ks,1
http://wellsfargo.com@tgi7xl-secure.date/login,1
http://outlook-ki70gt-gd7i.gq/webscr.php?id=w7x7coj1c5,1
https://app.wikipedia.org/category/finance,0
http://dhl-account-7ddj7nrb.work/account,1
https://ebay.com/news/year-in-review,0
http://binance.com@do4cdt-secure.win/login,1
https://www.tripadvisor.com/news/top-10-tips,0
http://www.google.com/account,0
http://15.15.80.245/webscr/majujj,1
http://mayoclinic.org/about-us,0
https://app.yahoo.com/login,0
http://adobe-account.stream/update,1
http://fedex-ekzyz-w2g0v-2t3bm6p.review/account.php?id=mnonzpsccu,1
http://amazon.com@7v6giz-secure.ml/login,1
https://instagram.com/cart,0
https://www.hp.com,0
http://171.206.97.125/signin/1mygya,1
http://linkedin-6cge-fjrpd5.review/wallet.php?id=sijzv07ey3,1
http://microsoft-secure.xyz/login,1
https://shop.theguardian.com/checkout,0
https://support.expedia.com/contact,0
https://www.bbc.com/,0
http://bit.ly/z9lisyb,1
https://support.irs.gov/products/2799,0
https://support.ibm.com/login,0
http://www.nytimes.com/search?q=technology,0
http://netflix.com.account-oa2l.gq/,1
http://cutt.ly/302c74n,1
http://office365-oglu-wop7-vo5nlq.work/signin.php?id=4ujmkoghc9,1
http://steamcommunity-secure-8judw.stream/account,1
https://www.wikipedia.org/watch?v=5eqy08p0fod,0
https://app.chase.com/login,0
https://cisco.com/products,0
https://shop.uber.com/watch?v=1zm4ix4zcrh,0
http://apple-account-98sao.gq/signin,1
http://usps-526abc-58cx.stream/alert.php?id=7yg8ev23u5,1
http://apple-iff6wh-xn8wh-rek6kr4.ml/confirm.php?id=6krsiikiwb,1
https://harvard.edu/,0
http://adobe-sx4cqek-ou266-nztvb9-bb5bav.cf/webscr.php?id=wdth79gov1,1
http://netflix-password-dpt3ry6m.men/login,1
http://irs-webscr.gq/update,1
http://microsoft-alert-oq2.stream/account,1
https://support.airbnb.com/products,0
http://46.30.172.184/wallet/qx2bgq,1
http://coinbase-unlock.date/update,1
http://t.co/0ghred7,1
http://rebrand.ly/rojwjur,1
https://app.netflix.com/checkout,0
https://news.bloomberg.com/watch?v=z6k8z6r5cqm,0
http://steamcommunity-secure-hjvanqw.men/login,1
http://dhl-secure-18r.top/login,1
http://irs.com.confirm-5s1q.win/,1
http://63.115.141.26/wallet/cvtz4p,1
http://amazon-3glrk-iech-w6co55a.icu/wallet.php?id=c1l9fj7u08,1
https://paypal.com/search?q=travel,0
https://twitch.tv/login,0
http://dhl-gvcvue1-5ttno6o-znq85qz.tk/unlock.php?id=go7ukygnd4,1
http://adobe-zt9br2-2f7buey.ga/recover.php?id=asub7htwd0,1
http://bit.ly/gskqyp8,1
https://app.coursera.org/user/15158,0
http://chase-suspend-2dp.ml/signin,1
https://mail.ebay.com/cart,0
http://linkedin-account.gq/account,1
https://support.medium.com/contact,0
http://is.gd/sgr09r1,1
https://godaddy.com/news/breaking-news-update,0
https://news.amazon.com/blog/expert-review,0
https://app.squarespace.com/products/48627,0
http://187.115.230.41/billing/nf55ae,1
https://app.twitch.tv/account,0
https://webmd.com/category/travel,0
http://amazon-account.gq/account,1
https://www.nytimes.com/search?q=climate,0
http://goo.gl/l1p1dhd,1
http://binance-banking.click/login,1
http://intel.com/cart,0
http://fedex-wallet.top/update,1
http://binance.com@h6z1tg-secure.date/login,1
https://support.healthline.com/,0
http://usps-83ww-qbp9mw-057gs.win/recover.php?id=3tyghekq8b,1
http://dhl.com.banking-y3vd.work/,1
http://linkedin-password-f73l8.loan/signin,1
http://is.gd/f966dq5,1
https://shop.cdc.gov/account/settings,0
http://apple-s4jso-54v43r-8779-820ci.xyz/banking.php?id=in14lvkzii,1
http://121.36.106.125/confirm/h49t7p,1
http://wellsfargo-banking.ml/signin,1
https://news.reddit.com/help,0
https://duolingo.com/support,0
http://dropbox-bq7969e-y7dm-68vofh2-hjuf4fr.win/alert.php?id=03sklt7xeo,1
http://rebrand.ly/nsjykvj,1
http://paypal-banking-2lvuhd.cf/signin,1
https://yahoo.com/account,0
http://intel.com/blog/top-10-tips,0
http://wellsfargo.com@y830x7-secure.loan/login,1
http://209.137.127.122/webscr/bhaw7e,1
https://www.healthline.com/,0
https://support.medium.com/login,0
https://ibm.com/login,0
https://shop.yelp.com/support,0
http://bankofamerica.com@wej4xq-secure.work/login,1
http://binance-alert-vqjs.gq/login,1
http://is.gd/8a8hts1,1
https://support.ebay.com/account/settings,0
https://mail.bestbuy.com/search?q=gaming,0
https://www.espn.com/news/product-launch,0
http://binance.com@esvquw-secure.date/login,1
https://www.khanacademy.org/blog/top-10-tips,0
https://shop.twitter.com/products/89400,0
http://bit.ly/64tohxo,1
http://54.84.46.231/unlock/4a9dno,1
http://google.com@gk7jvt-secure.loan/login,1
https://news.wellsfargo.com/cart,0
http://fedex-signin-l0k7mkj.click/account,1
http://google-1jeccoa-8h5i-12dmwtd-a3jp19.click/webscr.php?id=iuufl9800w,1
https://app.harvard.edu/about,0
http://irs.com.billing-tkee.win/,1
http://microsoft.com@mnv2kf-secure.gq/login,1
http://chase-recover.loan/signin,1
http://bankofamerica-lg1efl-3slgz.loan/recover.php?id=1uzvo9qt9h,1
http://news.espn.com/products,0
https://nytimes.com/about-us,0
https://app.twitch.tv/watch?v=yktxg4ahf33,0
http://fedex.com@9odzmp-secure.ga/login,1
http://ow.ly/c29ypgj,1
http://amazon.com.verify-l5ug.win/,1
https://mail.spotify.com/about,0
http://paypal-ud2x-1pfx-cxknf-onva.click/alert.php?id=4k586xpi8f,1
http://rebrand.ly/gko9fcf,1
https://support.apple.com/products/34313,0
https://www.bankofamerica.com/about-us,0
https://app.netflix.com/products/57166,0
http://51.126.120.222/verify/gxq5lh,1
http://shop.zoom.us,0
http://paypal-verify-21vtx.review/login,1
https://support.booking.com/blog/expert-review,0
http://bbc.com/blog/year-in-review,0
http://goo.gl/kk5f7a2,1
http://t.co/0rktoc1,1
https://news.twitter.com/checkout,0
http://irs.com@8giyrn-secure.date/login,1
http://cutt.ly/diqknpp,1
http://apple.com@cdw57i-secure.ml/login,1
https://www.lyft.com,0
http://paypal.com.update-qnb8.ga/,1
http://nasa.gov/products/15338,0
https://ebay.com/watch?v=dgs9gt0r0vi,0
http://microsoft.com.confirm-o6s0.work/,1
http://linkedin-m24b-74urizw-xamoi74-1qft.cf/confirm.php?id=p7f2t73oe0,1
https://support.sony.com/watch?v=nuyhe8jvrqv,0
http://coinbase-mmzdjd-gh8p9l-ewtfms-zdadea.tk/verify.php?id=x00ydkly9x,1
https://irs.gov/category/gaming,0
http://106.132.121.185/webscr/5qhy0w,1
http://amazon.com.wallet-5zob.click/,1
https://www.booking.com/products,0
http://bankofamerica.com@pomqh0-secure.top/login,1
http://dhl-qvwql58-hvofb.cf/account.php?id=kxs1n4i6t6,1
https://duolingo.com/login,0
http://rebrand.ly/3ji1nza,1
https://shop.bankofamerica.com,0
http://dhl.com.billing-bjyx.ml/,1
http://goo.gl/7we6716,1
http://goo.gl/u7h7buq,1
http://bit.ly/x10iwtr,1
https://mit.edu/blog/breaking-news-update,0
https://shop.microsoft.com/,0
https://mail.bankofamerica.com/login,0
http://bankofamerica-4dkv7-1xxws-d0zys.gq/recover.php?id=y5j3spsqeq,1
http://coinbase-confirm.icu/update,1
https://www.bbc.com/account/settings,0
https://mail.etsy.com/help,0
http://instagram-g8vi3-9gnv-khkvxam-kgtgi0.cf/login.php?id=uq19u6r469,1
http://goo.gl/0wg1857,1
http://steamcommunity-verify-tuo2.xyz/account,1
http://binance.com.banking-idux.top/,1
https://mit.edu/contact,0
http://35.44.117.226/secure/v0wanb,1
http://230.154.13.72/banking/2ky6oc,1
https://support.quora.com/blog/product-launch,0
https://www.slack.com/account/settings,0
https://app.mayoclinic.org/article/top-10-tips,0
https://shop.zoom.us/contact,0
https://mail.godaddy.com/news/top-10-tips,0
http://www.youtube.com/about-us,0
https://walmart.com/account/settings,0
http://dropbox.com@a2yhew-secure.top/login,1
http://goo.gl/y474mrf,1
https://app.coursera.org/help,0
http://fedex-che3-sc7qvqz-uiu7q.cf/billing.php?id=flk3bx47wa,1
https://news.shopify.com/products,0
https://shop.tripadvisor.com/,0
https://mail.coursera.org/blog/year-in-review,0
http://ow.ly/78v59cc,1
http://adobe-signin-g620c.top/update,1
https://www.instagram.com/support,0
http://adobe-confirm-p8pm.gq/signin,1
http://www.indeed.com/account/settings,0
https://www.zoom.us/blog/year-in-review,0
https://support.spotify.com/contact,0
https://shop.lyft.com/about-us,0
http://netflix.com.unlock-z5xf.review/,1
https://www.harvard.edu/account/settings,0
http://netflix-p215kr-2g6j0.top/account.php?id=5mzcjgucf1,1
https://shop.bbc.com/support,0
http://65.214.39.42/password/e989ah,1
http://office365.com.password-khcf.men/,1
https://www.shopify.com,0
https://shop.forbes.com/news/expert-review,0
https://amazon.com/about-us,0
http://adobe-update.top/signin,1
https://support.bankofamerica.com/news/product-launch,0
http://apple.com.recover-i394.ga/,1
http://cutt.ly/pskzqi9,1
https://www.expedia.com/user/36160,0
https://mail.reddit.com/contact,0
http://bit.ly/eg3aknz,1
https://mail.adobe.com/products,0
https://www.bankofamerica.com/article/year-in-review,0
http://microsoft.com@x4sply-secure.men/login,1
http://adobe.com.login-ofpt.men/,1
https://www.lyft.com/about-us,0
http://cutt.ly/ft52mfx,1
http://paypal.com@f8nuix-secure.work/login,1
http://google.com.suspend-nug3.ml/,1
https://forbes.com/login,0
http://fedex-secure.click/signin,1
http://netflix-v5f3sv-2d8yyjc-cribtkr-ilb59w.xyz/wallet.php?id=iiv54d0mlk,1
http://amazon-9kva8-cjecb4-c2nad-tbo1q3x.work/password.php?id=esmcouez7r,1
https://www.cnn.com/account/settings,0
http://bankofamerica-billing.stream/update,1
https://mail.espn.com/article/breaking-news-update,0
https://facebook.com/article/guide-2026,0
http://binance-qwynvv-fdbvpdg.ml/unlock.php?id=y678nlv4mj,1
http://dropbox.com@vvz2uu-secure.ml/login,1
http://is.gd/ozkzmnl,1
http://fedex.com.verify-ob95.ga/,1
https://app.nasa.gov/about-us,0
https://news.dropbox.com/products/8876,0
http://instagram.com.confirm-dprb.men/,1
http://amazon.com.account-qt1k.xyz/,1
https://mail.cisco.com/help,0
http://amazon-8y27-svdr.work/alert.php?id=d9sqmjn6o6,1
http://medium.com/products/36248,0
https://sony.com/support,0
https://app.cnn.com/about,0
http://outlook-e45i0tf-8ocmd.ml/signin.php?id=aybnlctouy,1
http://apple-confirm-p9lz.gq/signin,1
http://213.33.48.124/suspend/ver2yz,1
http://t.co/kg3v22w,1
http://outlook-suspend-a30kk.men/signin,1
https://app.wellsfargo.com/category/climate,0
https://salesforce.com/news/how-to-get-started,0
https://support.paypal.com/login,0
http://dhl.com@deei9y-secure.cf/login,1
https://expedia.com/watch?v=zrdyxyur4so,0
https://squarespace.com/cart,0
https://wellsfargo.com/user/99740,0
https://shop.uber.com/contact,0
https://tripadvisor.com/cart,0
http://apple-bx1uy-kyut-t5inxv8.gq/unlock.php?id=x1ccefe7t0,1
http://wellsfargo.com@kb363a-secure.loan/login,1
http://microsoft.com.billing-2xle.loan/,1
http://wellsfargo.com.banking-vvqz.review/,1
http://fedex-login-f19.top/account,1
https://www.nytimes.com/help,0
http://is.gd/f64adk2,1
http://linkedin-webscr.review/update,1
http://microsoft-yxrfuuv-buzi1km-w8ijfs-vywn.date/recover.php?id=qadc13vu0b,1
http://bit.ly/ct78kkw,1
http://microsoft-password-ly5ie4.win/update,1
http://amazon-suspend-255m.ml/signin,1
https://www.quora.com/contact,0
https://app.ebay.com/account,0
http://chase-mult-c7i85h6-662k.cf/confirm.php?id=lf6hpkyhec,1
https://app.reddit.com/contact,0
https://shop.quora.com/account,0
http://chase.com@xz73qw-secure.cf/login,1
http://google.com.webscr-ayaq.cf/,1
http://chase.com@sgeskg-secure.stream/login,1
https://twitch.tv/category/travel,0
http://google-d20e-2je1ok-ztkrb-k1y4feo.loan/account.php?id=lij9it3awp,1
https://news.netflix.com/news/guide-2026,0
http://246.109.193.186/banking/oes2qk,1
http://apple-password.cf/login,1
http://dhl-secure-eyxmk1.tk/login,1
http://google-p1ui-rltg-t15jenx-wmqa.stream/login.php?id=4rgim8dgwz,1
http://apple.com.secure-sk9z.click/,1
https://www.google.com/account,0
http://apple-confirm.loan/login,1
https://app.facebook.com/support,0
http://google-login.ga/update,1
http://rebrand.ly/2xuvf5h,1
http://apple-secure.work/account,1
http://120.67.180.144/secure/9yudv3,1
http://google-billing-c6i0gqir.review/update,1
https://mail.sony.com/contact,0
http://158.108.34.242/billing/oa09r1,1
https://shop.spotify.com/article/year-in-review,0
http://wellsfargo.com.unlock-bmer.click/,1
http://109.80.70.169/secure/6vym6q,1
https://mail.coursera.org/,0
http://paypal.com.account-2op0.icu/,1
https://shop.bloomberg.com/news/expert-review,0
https://www.cdc.gov/watch?v=hkdocba4aak,0
https://app.espn.com/category/sports,0
http://netflix.com.unlock-lbpd.top/,1
http://instagram.com@qpnpn7-secure.men/login,1
http://google.com@wxivor-secure.cf/login,1
http://dhl-55nhf4l-f31fe.men/verify.php?id=p2khi006ia,1
https://support.intel.com/products,0
http://bit.ly/b4kpbun,1
http://usps.com@v5qenh-secure.icu/login,1
http://dropbox.com@grf0c2-secure.stream/login,1
https://support.bestbuy.com/user/442,0
https://amazon.com/products,0
http://163.5.228.167/billing/khi5o5,1
https://support.cdc.gov/cart,0
http://fedex.com@7hmez8-secure.loan/login,1
http://office365.com.unlock-mhjn.loan/,1
http://71.33.181.31/secure/ri5kn0,1
http://ow.ly/4zodcz4,1
https://mail.godaddy.com/search?q=sports,0
https://nike.com/about,0
https://medium.com/search?q=technology,0
https://app.microsoft.com/help,0
http://paypal.com@f79sl9-secure.click/login,1
http://office365.com@vng0gt-secure.ga/login,1
http://dropbox.com@ezwgyf-secure.men/login,1
http://143.55.45.146/password/srfsaq,1
http://ow.ly/8xzudg5,1
http://cutt.ly/aafqegb,1
http://steamcommunity-confirm.gq/signin,1
http://chase-k3qx8c-4n192-hyef2l0.work/alert.php?id=5ukpksz32a,1
https://pinterest.com/about-us,0
http://instagram-z6um-tl35b.ml/secure.php?id=4jy908qdw8,1
https://support.booking.com/login,0
http://www.samsung.com/blog/expert-review,0
http://rebrand.ly/7ahczkc,1
https://quora.com/checkout,0
http://amazon.com.alert-1dvu.top/,1
http://51.91.195.174/wallet/yginh1,1
https://news.reddit.com/checkout,0
https://yahoo.com/support,0
https://app.reddit.com/checkout,0
http://is.gd/gqedswx,1
http://fedex.com.recover-o7qp.win/,1
http://is.gd/1pr6gbf,1
http://adobe-in5ib-0fbwpv4-8m32gv.men/suspend.php?id=xe4e5yw4ju,1
https://app.intel.com/about-us,0
https://nike.com/checkout,0
http://147.171.198.18/password/cd0bcq,1
https://expedia.com/search?q=sports,0
https://amazon.com/login,0
http://ibm.com/account/settings,0
http://irs-unlock.date/update,1
http://6.95.228.113/update/e2cxv3,1
http://amazon-recover.stream/signin,1
http://bankofamerica-alert-fap.loan/update,1
https://app.tripadvisor.com/,0
http://office365.com@4p615i-secure.tk/login,1
http://amazon-no8tnvf-wdzpz2d-axtz.review/verify.php?id=gtu4l0by9i,1
http://amazon-s7gejfo-m3rfy5o-bfkcax-4590.stream/webscr.php?id=8l8gau1y2j,1
https://walmart.com,0
http://coinbase-x6y1-boge-4p7b7.ga/unlock.php?id=60wr0mirno,1
http://65.201.110.121/recover/fwprga,1
https://theguardian.com/user/18399,0
https://sony.com/products/6830,0
https://mail.pinterest.com/article/year-in-review,0
http://office365-dypkn-wga5-goefqbk.click/banking.php?id=2z9f6t3kt3,1
https://app.usa.gov/article/top-10-tips,0
http://facebook-suspend-zih5.men/login,1
https://uber.com/login,0
http://paypal.com.login-9rxu.stream/,1
http://dhl.com.wallet-c80l.win/,1
http://microsoft.com.wallet-5ny1.date/,1
https://www.oracle.com/,0
https://support.lyft.com,0
https://support.stackoverflow.com/account,0
https://www.airbnb.com/article/product-launch,0
http://stanford.edu/search?q=finance,0
https://reuters.com/checkout,0
http://coinbase-update.ga/signin,1
https://shop.pinterest.com/account/settings,0
https://app.spotify.com/login,0
https://support.ibm.com/news/expert-review,0
http://wellsfargo-abv4-cbug.xyz/confirm.php?id=e8a4t7rdek,1
https://www.irs.gov/products,0
http://shop.cnn.com/cart,0
https://www.oracle.com/article/product-launch,0
https://mayoclinic.org,0
http://t.co/osvi4dp,1
https://healthline.com/about,0
https://app.stanford.edu/products/22362,0
https://mail.medium.com/login,0
http://amazon.com.update-9d4g.stream/,1
https://www.bankofamerica.com/account,0
https://news.bestbuy.com/news/year-in-review,0
http://outlook-webscr-vn4h.work/update,1
https://support.webmd.com/account/settings,0
https://mail.quora.com/help,0
https://shop.netflix.com/help,0
https://www.expedia.com/user/56064,0
https://www.coursera.org/contact,0
http://www.twitch.tv/login,0
https://www.apple.com/blog/top-10-tips,0
https://www.coursera.org/login,0
https://www.stackoverflow.com/products,0
https://slack.com/products/39516,0
https://www.amazon.com/account/settings,0
https://www.intel.com/help,0
https://mit.edu/account/settings,0
http://241.173.191.117/signin/ey3tpe,1
http://google-account.click/update,1
http://target.com/search?q=food,0
http://tinyurl.com/govq1un,1
http://dhl-artr-bnlkas-3fytem-f4onb.stream/recover.php?id=8kkd2d96ik,1
http://236.217.205.106/secure/8ogieo,1
http://46.227.236.151/unlock/awpitk,1
https://mail.chase.com/account/settings,0
https://news.glassdoor.com/search?q=fashion,0
http://bit.ly/cubpr0w,1
http://goo.gl/ky6vreh,1
https://mail.booking.com/search?q=food,0
http://chase-xmoxj-on5c-o1rv-jmfote.date/secure.php?id=v5zd0yxgzb,1
https://twitter.com,0
http://ow.ly/72feb31,1
http://dhl.com.confirm-7owe.icu/,1
http://amazon.com.confirm-2ww2.work/,1
http://bit.ly/hmm04k3,1
https://instagram.com/about-us,0
https://support.khanacademy.org/about,0
http://steamcommunity-kxz0-u48u3cf-90m2m6-b7t1m3.click/signin.php?id=yb5bq5tz9w,1
https://news.nytimes.com/,0
https://shop.amazon.com/products/86934,0
https://app.pinterest.com/contact,0
http://fedex-ctyb6g-0dhw-f9jkn.top/suspend.php?id=0kkrfsrvgk,1
http://apple.com@4sz46t-secure.icu/login,1
http://bit.ly/2dcgvdm,1
https://shop.slack.com/checkout,0
http://usps-unlock-fpe.men/account,1
http://coinbase-vij2-duv1-rd1po-rgjfoma.xyz/banking.php?id=8sedym59wg,1
https://reuters.com/user/64370,0
https://shop.nasa.gov/login,0
http://123.202.165.16/account/n0v1ru,1
https://mail.khanacademy.org/cart,0
http://office365-banking-gpc.stream/login,1
http://microsoft.com.unlock-gt4c.tk/,1
http://tinyurl.com/y8tsvih,1
https://support.ebay.com/user/61187,0
http://12.31.176.22/webscr/a9pkvr,1
http://paypal-0g9f-jppqpxy.win/wallet.php?id=ksw5b90qcb,1
http://netflix.com.secure-zwi9.icu/,1
https://duolingo.com/,0
https://shop.namecheap.com/products/93986,0
https://www.cisco.com/login,0
http://linkedin.com@nbkx0x-secure.tk/login,1
https://dell.com/,0
https://www.salesforce.com/blog/guide-2026,0
https://app.slack.com/search?q=health,0
http://188.1.109.187/suspend/b6nwy1,1
http://20.171.166.1/login/ox18d4,1
http://usps.com.update-kawf.stream/,1
https://etsy.com/contact,0
https://app.stanford.edu/about,0
https://adobe.com/about,0
http://fedex.com@nxznla-secure.review/login,1
http://247.221.98.128/signin/vfh5x1,1
http://microsoft-gwt282a-dj9it-hn20.icu/confirm.php?id=sjfnl86o1b,1
https://shop.google.com/article/expert-review,0
http://chase.com.verify-i4kt.date/,1
http://instagram-password-jgz3f.gq/account,1
http://158.114.194.27/signin/je8eft,1
http://instagram.com.signin-jfdu.work/,1
https://microsoft.com/about,0
http://binance-u5r17pb-lg0y.xyz/password.php?id=kd7eu3d69q,1
http://facebook.com@6mu0d1-secure.date/login,1
https://citibank.com/account/settings,0
https://target.com/,0
http://facebook.com@6fg8ys-secure.ml/login,1
https://shop.etsy.com/blog/top-10-tips,0
http://bit.ly/n2nofyr,1
http://245.38.42.152/billing/th3eyc,1
http://bit.ly/0jvc9s9,1
http://paypal.com.alert-xxzu.gq/,1
http://224.204.80.63/confirm/6j4cev,1
https://support.cnn.com/watch?v=4r6s34a1nfx,0
http://tinyurl.com/n8sc1a1,1
http://101.218.157.135/password/mtwbco,1
https://www.mit.edu/contact,0
http://ow.ly/r2v3tga,1
http://wellsfargo-lutvfl-hu4aadq-imcdn.tk/secure.php?id=hba14cazdy,1
https://support.stanford.edu/watch?v=kdoffws890y,0
https://support.cnn.com/article/year-in-review,0
http://goo.gl/235hck1,1
http://chase-w446t5b-8gxe.stream/recover.php?id=fjapqwinqc,1
https://www.stackoverflow.com/watch?v=ounkp9j1pli,0
https://support.stackoverflow.com/search?q=music,0
http://instagram.com.webscr-s8s6.tk/,1
http://tinyurl.com/n6vdkiv,1
http://126.224.29.57/billing/5m55z0,1
https://support.amazon.com/help,0
http://dhl-51fs1oi-1wbscyg-37gb-sxz5er.tk/account.php?id=ojme129ymw,1
http://paypal.com.alert-d66d.win/,1
https://news.lyft.com/search?q=music,0
https://forbes.com/help,0
http://google.com@7k0n3y-secure.cf/login,1
https://airbnb.com/about,0
https://shop.ebay.com/products/53455,0
https://theguardian.com/products,0
https://cisco.com/help,0
https://support.adobe.com/help,0
http://irs.com.recover-tnic.work/,1
https://booking.com/contact,0
http://office365-mh224y-waggab-1z3w.work/password.php?id=d8y68f551n,1
http://usps-gyh6k9g-iq76p-wjn5l3j-sfxust.tk/verify.php?id=5prwk2typn,1
http://94.151.20.107/wallet/0dxoah,1
http://174.173.19.100/wallet/wzabjk,1
http://outlook-wallet-3nw.gq/account,1
http://apple.com.banking-0144.ga/,1
http://tinyurl.com/srl21mv,1
https://mail.reuters.com/products,0
http://t.co/nbeloj0,1
https://news.airbnb.com/account,0
https://shop.coursera.org/about-us,0
http://dropbox.com.account-h3qo.tk/,1
http://netflix-0g7ced-8txb-vhhbxcs-wv73.top/login.php?id=f43suo70wt,1
http://rebrand.ly/r6ys4v4,1
https://cnn.com/login,0
http://rebrand.ly/p6cm363,1
http://irs.com@uprd00-secure.win/login,1
https://www.stanford.edu/products/80005,0
https://mail.spotify.com/user/36472,0
http://57.159.52.109/verify/bkdhyn,1
http://120.98.63.76/wallet/3y9bdr,1
http://outlook-confirm-u3wo2.gq/login,1
http://outlook-tnputp-dplosyj-fjond-ltwa.top/signin.php?id=zxfhhvpake,1
http://netflix.com.unlock-kp74.review/,1
http://tinyurl.com/i3laqvm,1
http://app.github.com/about-us,0
https://support.squarespace.com/blog/expert-review,0
http://www.webmd.com/about-us,0
http://202.199.72.183/alert/os3dgy,1
https://mail.intel.com/news/top-10-tips,0
http://ow.ly/no8ph66,1
http://wellsfargo-banking-iz6pjaiz.ga/login,1
http://google.com@o8k9ef-secure.loan/login,1
http://microsoft.com@aa4qp7-secure.win/login,1
http://is.gd/7v66gsf,1
https://support.godaddy.com/account,0
http://binance.com@czh36h-secure.tk/login,1
http://paypal-banking.top/login,1
https://godaddy.com/search?q=travel,0
https://www.lyft.com/,0
http://binance.com.billing-kvs5.work/,1
http://chase-u8bjz-8kyw2p0-r514j.top/unlock.php?id=27raeqrg7w,1
http://rebrand.ly/bh97z1n,1
https://shop.lyft.com/,0
http://chase-336b-awg8p-qfyr5.review/unlock.php?id=hszrlpb0nj,1
http://etsy.com/search?q=health,0
http://adobe-vfw17v-pasaq-go03s.click/wallet.php?id=4x6cyjqe5a,1
http://www.samsung.com/category/music,0
http://dropbox.com.confirm-1w3w.cf/,1
http://238.33.99.58/confirm/f05kiy,1
http://rebrand.ly/pqvjnpb,1
https://shop.apple.com/products,0
http://apple.com@dzpo8i-secure.cf/login,1
http://amazon-secure-bd2j4etd.date/login,1
https://shop.khanacademy.org/about,0
http://paypal.com@i2huxm-secure.date/login,1
http://tinyurl.com/wb5spff,1
https://target.com/support,0
http://www.salesforce.com/article/top-10-tips,0
https://support.bestbuy.com/account,0
http://microsoft-3mqjj9-pt6pksc-7r38is.top/login.php?id=raw0m18agi,1
https://support.udemy.com/search?q=fashion,0
https://glassdoor.com/watch?v=vy7hxr4g0cy,0
http://rebrand.ly/y8cfdt7,1
https://mail.stackoverflow.com/category/science,0
http://adobe.com.signin-ihhq.icu/,1
http://amazon.com.account-m3qt.men/,1
http://105.181.99.171/webscr/a55ou7,1
https://www.bestbuy.com/account/settings,0
https://www.usa.gov/search?q=gaming,0
http://stackoverflow.com/news/top-10-tips,0
http://usps.com.account-mwms.top/,1
https://shop.coursera.org/category/food,0
http://wellsfargo.com@92a6st-secure.cf/login,1
https://app.godaddy.com/account/settings,0
https://www.microsoft.com/cart,0
http://fedex-account-8ws1f.top/login,1
https://mail.squarespace.com/blog/year-in-review,0
https://webmd.com/watch?v=1axvfgigv3w,0
https://shop.amazon.com/cart,0
https://adobe.com/login,0
https://nytimes.com/,0
http://goo.gl/zb365ty,1
https://news.stanford.edu/help,0
https://squarespace.com/user/61124,0
https://news.yelp.com/help,0
http://instagram-login.tk/signin,1
https://squarespace.com/article/guide-2026,0
https://support.nike.com/,0
https://etsy.com/about,0
http://dropbox.com@stavf2-secure.review/login,1
http://121.137.248.76/webscr/g3ojod,1
http://amazon-io1xn-emte.icu/verify.php?id=zijcigxaxx,1
http://tinyurl.com/2f1tf1w,1
https://shop.amazon.com/account,0
https://mail.expedia.com/search?q=science,0
http://bankofamerica.com.suspend-qguy.cf/,1
http://amazon.com@9v4klx-secure.men/login,1
http://paypal-password.work/update,1
https://app.ibm.com/login,0
https://shop.stackoverflow.com/checkout,0
http://netflix.com.alert-9us7.men/,1
https://news.wordpress.com/support,0
http://apple.com.signin-ykyf.win/,1
http://4.156.178.149/verify/qqew0r,1
https://www.theguardian.com/about,0
http://paypal-23df16e-l84vx-g73zz-9w48u1.click/signin.php?id=cotr1j5cde,1
https://nasa.gov/about,0
http://245.160.247.246/banking/e9s1t7,1
http://facebook-password-270y.review/signin,1
http://204.69.107.157/verify/hz3ugb,1
https://support.theguardian.com/login,0
http://205.56.157.54/verify/iocwue,1
https://www.wordpress.com/article/top-10-tips,0
http://bankofamerica.com.update-r45v.gq/,1
https://khanacademy.org/support,0
https://www.wellsfargo.com,0
http://instagram.com.verify-lqm4.click/,1
http://156.114.226.106/unlock/rgj5t2,1
http://94.23.199.179/confirm/jqiny4,1
http://www.oracle.com/account,0
https://support.harvard.edu,0
https://usa.gov/category/technology,0
https://wix.com/article/guide-2026,0
http://irs.com.recover-ott0.work/,1
https://adidas.com/news/top-10-tips,0
http://dhl-87fdv-50umsz-s62v.win/password.php?id=ge3ziexogx,1
http://54.241.17.37/password/wraawa,1
http://dhl-signin-g775g.tk/account,1
https://shop.wikipedia.org/,0
http://58.188.184.217/banking/y16nxb,1
https://mail.shopify.com/watch?v=gg48ftlt7pa,0
https://mail.nasa.gov/login,0
https://www.ibm.com/products/89450,0
https://mail.google.com/cart,0
https://www.walmart.com/products,0
https://support.harvard.edu/checkout,0
https://duolingo.com/watch?v=5a838921431,0
http://linkedin-3oda7-23vd1-1avye4.gq/recover.php?id=7d2ez2gs4l,1
https://support.instagram.com/cart,0
https://shop.wikipedia.org/about,0
https://support.bloomberg.com/products/56900,0
https://target.com/checkout,0
http://usps-billing-bqouq6.men/update,1
https://ibm.com/watch?v=w14n53jr8s1,0
https://www.ebay.com/cart,0
http://11.173.205.160/alert/0bdffe,1
http://cutt.ly/ghw9x5t,1
https://www.who.int/support,0
http://bit.ly/xafc79n,1
https://news.dropbox.com/search?q=technology,0
https://news.glassdoor.com/search?q=finance,0
https://news.cdc.gov/support,0
http://bit.ly/wpewb6s,1
http://usps-kyck-5p6zts-azvk.ga/update.php?id=26ufi0rsz5,1
https://www.duolingo.com/checkout,0
https://app.linkedin.com/account,0
http://wellsfargo.com.suspend-49ek.loan/,1
https://mail.uber.com/support,0
https://reuters.com/about,0
https://app.bankofamerica.com/contact,0
https://support.amazon.com,0
https://www.tripadvisor.com/checkout,0
https://mail.facebook.com/news/top-10-tips,0
https://shop.spotify.com/about,0
https://news.spotify.com/search?q=science,0
http://linkedin-confirm-knda.top/update,1
https://www.lyft.com/about,0
http://cutt.ly/31yk6fa,1
http://instagram.com/blog/product-launch,0
http://221.80.12.188/account/2qzu8d,1
https://www.etsy.com/support,0
https://nasa.gov/checkout,0
https://godaddy.com/search?q=science,0
https://www.mayoclinic.org/watch?v=3z4xutxbe5n,0
http://230.243.106.66/alert/r78icv,1
https://www.spotify.com/search?q=finance,0
https://stanford.edu/category/finance,0
https://shop.ebay.com/account,0
http://facebook.com.login-muh4.ml/,1
http://support.linkedin.com/blog/product-launch,0
https://support.bankofamerica.com/support,0
https://app.namecheap.com/news/how-to-get-started,0
https://www.bankofamerica.com,0
http://adobe-dtb3gl-qxahs5-66axmlx.cf/login.php?id=xdt7u6clgv,1
https://app.glassdoor.com/about-us,0
https://mail.chase.com/products,0
http://214.241.148.119/suspend/xidara,1
https://support.pinterest.com/search?q=sports,0
https://cdc.gov/blog/guide-2026,0
https://irs.gov/user/26891,0
http://facebook.com.secure-cbqa.stream/,1
http://bankofamerica.com.webscr-dulz.review/,1
https://www.dropbox.com/user/25992,0
http://netflix.com.signin-9xkr.men/,1
https://support.irs.gov/help,0
http://cutt.ly/jjlf2n3,1
http://29.248.73.16/confirm/gvp80w,1
http://apple.com@mkwrrc-secure.stream/login,1
http://usps.com@qtc4ei-secure.ml/login,1
https://twitter.com/blog/expert-review,0
https://news.samsung.com/search?q=python,0
http://fedex.com.banking-75ey.tk/,1
http://binance.com.signin-nuy7.men/,1
http://28.122.161.158/secure/swa2ba,1
https://support.microsoft.com/checkout,0
https://app.ebay.com/watch?v=xloyeyqe683,0
http://ow.ly/7qieldv,1
http://dropbox.com@k3gmg5-secure.icu/login,1
http://steamcommunity.com.signin-o5zu.ml/,1
https://news.pinterest.com/account/settings,0
http://outlook.com.login-ey4r.win/,1
http://steamcommunity-account-skrj.cf/login,1
http://fedex.com@73qfj4-secure.work/login,1
https://news.yelp.com/login,0
https://app.squarespace.com/login,0
https://mail.khanacademy.org/watch?v=g7qncwzxqvr,0
https://www.stackoverflow.com/cart,0
http://dropbox-hgilf-d98xow-f5am.date/login.php?id=ud5uojfzd1,1
http://coinbase-qsch5-5ex5s.date/signin.php?id=whh5e3s5qj,1
http://instagram.com@km3ljs-secure.win/login,1
https://app.amazon.com/contact,0
http://www.apple.com/watch?v=x9bobcd11r8,0
https://news.nike.com/article/top-10-tips,0
https://stackoverflow.com/account/settings,0
https://harvard.edu/support,0
https://support.salesforce.com/contact,0
https://linkedin.com/help,0
https://news.espn.com,0
https://quora.com/contact,0
http://paypal.com@957k4v-secure.date/login,1
http://instagram.com@kth72e-secure.xyz/login,1
https://www.instagram.com/account,0
https://shop.uber.com/about-us,0
http://google-akvx-fho8cc-e3r03-ba8pl5q.xyz/confirm.php?id=zenpt1h3jw,1
https://support.twitter.com/news/how-to-get-started,0
http://dhl.com.account-e83v.tk/,1
http://14.223.73.73/banking/4gd4fu,1
https://www.uber.com/about-us,0
https://news.reuters.com/account,0
http://wellsfargo.com@teayfl-secure.date/login,1
http://apple-s13v-w7ld7c.ga/update.php?id=e3n52iid7r,1
http://microsoft.com.update-adh2.tk/,1
http://wellsfargo-2awblf5-dzt4-gy4kamp-ls1jav8.loan/suspend.php?id=ydzg4p7uiy,1
http://facebook.com@uo155d-secure.cf/login,1
http://microsoft-login-m7o5c.review/update,1
http://instagram.com@ricvkm-secure.click/login,1
http://wellsfargo.com.wallet-klcq.icu/,1
http://outlook.com@rbeas5-secure.win/login,1
http://tinyurl.com/6tmp7n4,1
http://usps-signin.xyz/update,1
http://adobe.com@uw4w21-secure.work/login,1
http://bestbuy.com/blog/breaking-news-update,0
http://office365.com@hy61yd-secure.cf/login,1
http://dhl.com@qld56y-secure.stream/login,1
https://www.mit.edu/products,0
https://www.adidas.com/,0
http://google-update-y6oz.win/update,1
http://121.32.13.124/verify/nd57gh,1
http://tinyurl.com/e50kwd0,1
http://bankofamerica-account-nls0an.work/account,1
https://shop.salesforce.com/account/settings,0
http://adobe.com@bc06dr-secure.men/login,1
https://mail.cdc.gov/user/63814,0
http://apple.com@zt0u1m-secure.ml/login,1
https://medium.com/checkout,0
http://bankofamerica.com@adl7ge-secure.date/login,1
http://office365-uz1khlu-j6ml.click/verify.php?id=uqolf8mjl8,1
http://ow.ly/rmo3gd8,1
http://1.107.101.133/wallet/fhsoi5,1
http://facebook.com.wallet-2yqn.work/,1
https://app.wordpress.com/about,0
https://app.usa.gov/support,0
https://shop.medium.com/login,0
https://support.espn.com/cart,0
https://bbc.com/help,0
https://news.cisco.com/category/health,0
http://148.35.56.203/unlock/zyekh0,1
http://facebook.com@2v4zpp-secure.ga/login,1
http://microsoft-recover-tpmw.top/update,1
http://instagram.com.password-uq99.top/,1
https://shop.walmart.com/support,0
http://goo.gl/3c1wq8g,1
http://235.139.134.65/password/yeoujd,1
http://bit.ly/pax4467,1
https://news.espn.com/about,0
http://chase.com@aht4a2-secure.cf/login,1
http://usps-iekc4z-ws4wt.loan/alert.php?id=xp27j432da,1
http://usps.com.update-dfz7.work/,1
https://spotify.com/watch?v=0lg92mjeqa2,0
https://shop.quora.com/account/settings,0
http://irs.com@ujl5jh-secure.ml/login,1
http://bit.ly/6s2bug3,1
https://support.chase.com/products/85425,0
http://is.gd/bv5rcr5,1
http://binance.com.suspend-8i0q.review/,1
https://app.oracle.com/blog/top-10-tips,0
https://support.dell.com/blog/year-in-review,0
https://mail.apple.com,0
https://support.ibm.com/products,0
https://www.pinterest.com/article/product-launch,0
http://binance.com@gcqp44-secure.stream/login,1
https://instagram.com/help,0
https://shop.theguardian.com/account/settings,0
https://app.nytimes.com/article/top-10-tips,0
http://binance.com.billing-kp8i.review/,1
http://tinyurl.com/q9juulu,1
http://microsoft.com@5iiwhj-secure.gq/login,1
http://wellsfargo.com.wallet-slb7.date/,1
http://amazon.com@5bfv2k-secure.top/login,1
http://binance-thfz-l991kac-uu58.ga/recover.php?id=kzncmk1xz5,1
http://office365-d8t8-6z2xv0-egr7o.xyz/unlock.php?id=yz8cu0hc1a,1
https://news.zoom.us,0
http://linkedin-u7jw-cbw4ql7-d67jb4.review/banking.php?id=8ev4eqvrzc,1
https://support.reddit.com/help,0
http://usps-secure.review/update,1
http://t.co/564cl1g,1
https://app.youtube.com/account/settings,0
http://binance.com.account-clft.ml/,1
https://www.bbc.com/cart,0
http://bankofamerica.com@qdxvni-secure.cf/login,1
https://shop.quora.com/cart,0
http://bankofamerica.com@chwspu-secure.gq/login,1
https://ibm.com/about,0
http://wellsfargo.com.unlock-4ivn.cf/,1
http://binance-banking-i6parq.tk/login,1
http://instagram.com@km3ari-secure.date/login,1
https://www.wsj.com/contact,0
http://news.uber.com/support,0
https://support.github.com/user/53373,0
http://tinyurl.com/86os7kf,1
https://support.yahoo.com/checkout,0
https://support.spotify.com/products/79921,0
https://app.reuters.com/products,0
https://shop.linkedin.com/login,0
https://booking.com,0
http://microsoft-account-o4bx.loan/update,1
http://www.shopify.com/account,0
http://58.7.34.211/recover/6ilj42,1
http://facebook.com@p4u88y-secure.xyz/login,1
http://100.176.241.213/unlock/jzg9gf,1
http://ow.ly/31l2slx,1
https://usa.gov/support,0
http://www.glassdoor.com/products,0
https://reuters.com/category/travel,0
https://harvard.edu/search?q=sports,0
http://ow.ly/duymtgr,1
http://rebrand.ly/7ys1yzm,1
http://apple.com.wallet-77sx.review/,1
http://news.udemy.com/about,0
https://shop.cisco.com/user/29480,0
http://apple.com.banking-jgse.work/,1
https://www.shopify.com/checkout,0
https://dell.com/news/year-in-review,0
http://linkedin-cnxle9-oqlfj8-wb0b1yo.date/login.php?id=ywhz3gnzdf,1
https://www.wix.com/support,0
http://ow.ly/nyjnmxw,1
https://netflix.com/news/guide-2026,0
https://app.netflix.com/products,0
http://apple-ynje2-uy6tiwh.click/webscr.php?id=4fypgpnexx,1
https://support.facebook.com/support,0
http://instagram.com@4wfxfm-secure.tk/login,1
http://10.216.4.73/update/ca8yuv,1
https://shop.reddit.com/account,0
https://news.indeed.com/user/86689,0
http://shop.wikipedia.org/blog/breaking-news-update,0
https://irs.gov/article/how-to-get-started,0
http://amazon.com@76f83e-secure.work/login,1
http://tinyurl.com/w0nymri,1
https://app.ebay.com/news/year-in-review,0
http://irs-wallet-y446yp.click/signin,1
http://bit.ly/6ux9sy4,1
http://t.co/u48t5eo,1
https://www.wix.com/news/product-launch,0
http://facebook-jnbf-jcf9-ppnov3s.top/signin.php?id=nh9bk0o4g5,1
https://bankofamerica.com/account/settings,0
http://instagram.com.banking-bh3t.loan/,1
https://www.twitter.com/blog/year-in-review,0
http://news.quora.com/cart,0
https://shop.irs.gov/watch?v=g8e24rzbjht,0
https://salesforce.com/watch?v=8qjnv8z2flu,0
http://office365.com@9v3kr0-secure.review/login,1
https://www.twitch.tv/contact,0
http://usps.com@0a7oxz-secure.xyz/login,1
http://wellsfargo-7kdv-ky2o5-koj4-y1x9d7.top/secure.php?id=pxzn14rbhp,1
http://steamcommunity.com.update-nuje.gq/,1
http://30.170.146.187/login/jjupk5,1
http://wellsfargo-uao2uc-vere-cky5ktq-p6edbqn.top/confirm.php?id=pdeombw6xo,1
https://google.com/account/settings,0
https://news.hp.com/search?q=science,0
http://dhl-recover-p8hkaz.click/login,1
https://app.namecheap.com/article/guide-2026,0
http://office365-login-2s7lx69.work/account,1
http://instagram-update-d1b.click/update,1
https://mail.espn.com/article/guide-2026,0
https://mail.bankofamerica.com/user/17381,0
http://bit.ly/gdaygru,1
https://cdc.gov/products/20398,0
http://wellsfargo.com.login-ukbr.top/,1
http://adobe.com@ribxal-secure.xyz/login,1
https://www.wellsfargo.com/cart,0
http://steamcommunity.com@0s0v9p-secure.ml/login,1
https://support.tripadvisor.com/account,0
https://cnn.com/products/31408,0
https://shop.bankofamerica.com/contact,0
http://office365.com@q00a87-secure.click/login,1
https://shop.dell.com/category/food,0
http://amazon-login-72i.xyz/update,1
http://coinbase-unlock-rrj.gq/account,1
https://shop.reddit.com/blog/top-10-tips,0
https://support.healthline.com/about-us,0
http://usps.com@3nfc37-secure.ga/login,1
https://namecheap.com/about-us,0
http://dropbox-9kjas-w77dv.top/banking.php?id=tme7h8lgic,1
http://news.bbc.com/about,0
http://outlook.com.wallet-glr9.stream/,1
https://shop.usa.gov/user/2906,0
https://www.wordpress.com/account,0
https://app.pinterest.com/support,0
https://www.mayoclinic.org/login,0
http://209.210.140.140/wallet/68o26j,1
http://irs.com.login-pdj7.men/,1
http://dhl-rt7nz-uvzu078-3r6u9-s5d1o.top/update.php?id=ksgv2f8n1r,1
https://www.yelp.com/contact,0
http://tinyurl.com/gs9a3xb,1
http://89.97.4.176/wallet/77a79f,1
https://github.com/watch?v=vwmjdimbm27,0
http://netflix.com.signin-k4cu.top/,1
http://36.100.31.15/banking/ikurgm,1
https://twitch.tv/contact,0
http://steamcommunity.com.webscr-u61t.ga/,1
https://app.youtube.com/support,0
http://binance-webscr.xyz/account,1
https://instagram.com/news/guide-2026,0
http://adobe.com@9cqje1-secure.cf/login,1
http://dropbox-jl1zc-bhs15t-2jw8dhe.loan/recover.php?id=higd6bof4k,1
https://mail.wikipedia.org/checkout,0
https://shop.uber.com/support,0
https://forbes.com/contact,0
https://app.bankofamerica.com/cart,0
https://mail.mit.edu/,0
http://mail.cisco.com,0
http://binance-billing.cf/signin,1
https://indeed.com/contact,0
https://mail.wordpress.com/checkout,0
http://google.com.wallet-h6ee.date/,1
https://pinterest.com/article/guide-2026,0
https://www.quora.com/cart,0
https://www.khanacademy.org/about,0
https://www.lyft.com/login,0
https://github.com/cart,0
http://chase.com@sk35hx-secure.cf/login,1
http://microsoft.com.account-v9wy.xyz/,1
http://outlook.com@o784kq-secure.ml/login,1
https://www.spotify.com/category/food,0
https://bbc.com/watch?v=z2v17tz63rr,0
http://dhl-update.loan/update,1
http://www.wellsfargo.com/watch?v=qqjvwuptvn2,0
http://facebook-suspend-png7.review/update,1
https://shop.tripadvisor.com/login,0
http://binance.com.banking-vuol.men/,1
https://news.booking.com/account/settings,0
http://irs-9enfi-bd9k5-z3pbzs-9dthv.date/unlock.php?id=gvgmsyi60q,1
http://bit.ly/tis5ntt,1
https://support.tripadvisor.com/blog/guide-2026,0
https://www.quora.com/search?q=technology,0
http://binance.com@ic80hl-secure.cf/login,1
https://support.zoom.us/about,0
http://dhl-1i1dt-8s15jd4-y42oc.date/update.php?id=qgpd500w25,1
http://dropbox.com@9xavb7-secure.xyz/login,1
https://support.glassdoor.com/search?q=music,0
http://172.192.178.145/recover/ja8arp,1
http://tinyurl.com/dddbazr,1
http://rebrand.ly/1xed6aw,1
https://app.salesforce.com/account,0
http://24.1.196.96/confirm/2q4nrv,1
https://app.glassdoor.com/help,0
https://shop.healthline.com/login,0
http://dropbox.com.confirm-6ds8.click/,1
https://adidas.com/contact,0
https://mail.mit.edu/user/39743,0
https://news.adidas.com/,0
https://namecheap.com/user/8837,0
https://news.healthline.com/contact,0
http://usps-login-1zwaehxi.cf/signin,1
https://mayoclinic.org/about-us,0
https://bloomberg.com,0
https://support.hp.com/search?q=fashion,0
https://mail.glassdoor.com/cart,0
http://ow.ly/il7era7,1
https://www.mit.edu/support,0
https://godaddy.com,0
https://app.citibank.com/support,0
http://netflix-qvrob-aovx-qbvqchn-n5tna62.date/recover.php?id=br3d71eezu,1
https://medium.com/account,0
https://app.mit.edu/watch?v=8qqvaecw9yi,0
https://chase.com/products,0
https://mail.adidas.com/contact,0
https://github.com/support,0
https://support.walmart.com/products,0
http://fedex-893fs-w3c58kz.xyz/suspend.php?id=7o2udtxcy1,1
https://shop.duolingo.com/login,0
https://news.yelp.com/search?q=sports,0
https://salesforce.com/about-us,0
https://support.wellsfargo.com/category/health,0
https://shop.wellsfargo.com/account/settings,0
https://www.shopify.com/help,0
http://usps.com@izuoit-secure.xyz/login,1
https://apple.com/about-us,0
https://shop.youtube.com/account/settings,0
https://support.intel.com/cart,0
https://mit.edu/category/travel,0
http://google-cykye3l-21p5bb4-3jjw26.gq/suspend.php?id=poovcs4f7n,1
http://news.intel.com/account,0
https://shop.reddit.com,0
http://bit.ly/23hkf37,1
http://dropbox-wallet.tk/update,1
http://facebook-3ysf3-c4kcpyd-5ksjpjx.review/secure.php?id=fxh61fb0gq,1
http://linkedin-xycyjny-gpy0s.ga/update.php?id=vp34qt3ksk,1
https://bankofamerica.com/category/music,0
http://ibm.com/products/29572,0
http://152.195.61.190/secure/vk99jz,1
https://www.reddit.com/about-us,0
https://www.namecheap.com/user/87156,0
http://microsoft-te8ec-g04j1wj-oxpl.ga/password.php?id=85glh4bh6g,1
https://netflix.com/watch?v=bszujb4hllq,0
https://www.medium.com/search?q=climate,0
https://www.citibank.com/search?q=python,0
http://instagram.com.wallet-2vlb.click/,1
https://app.namecheap.com/watch?v=v2z1k3bdgrb,0
https://oracle.com/category/fashion,0
http://linkedin-webscr.xyz/update,1
http://youtube.com/login,0
http://coinbase-1j4vf2-itsul-agaw-jnc06n6.date/unlock.php?id=ueyrehkx6f,1
http://193.253.78.88/billing/vf5ihh,1
https://wikipedia.org/account,0
http://binance-update.gq/login,1
https://www.twitch.tv/watch?v=pjrmeyy1em3,0
http://170.51.31.56/unlock/zykslj,1
